[2026-03-25 02:17:13] TICKER: VALE   | RESULT: PASS   | SENTIMENT:   0.0 | REASON: All Gates Cleared - SMC & Sentiment Aligned
[2026-03-25 02:17:13] TICKER: TEVA   | RESULT: BLOCK  | SENTIMENT:   0.0 | REASON: Ticker TEVA is BLACKLISTED (Ethical Veto).
[2026-03-25 02:17:14] TICKER: PBR    | RESULT: BLOCK  | SENTIMENT:   0.0 | REASON: No FVG/Imbalance Found
[2026-03-25 02:44:08] TICKER: VALE   | RESULT: PASS   | SENTIMENT:   0.0 | REASON: All Gates Cleared
[2026-03-25 02:44:08] TICKER: PBR    | RESULT: PASS   | SENTIMENT:   0.0 | REASON: All Gates Cleared
[2026-03-25 02:44:09] TICKER: BHP    | RESULT: PASS   | SENTIMENT:   0.0 | REASON: All Gates Cleared
[2026-03-25 02:44:09] TICKER: RIO    | RESULT: PASS   | SENTIMENT:   0.0 | REASON: All Gates Cleared
[2026-03-25 02:44:09] TICKER: SU     | RESULT: PASS   | SENTIMENT:   0.0 | REASON: All Gates Cleared
[2026-03-25 02:44:10] TICKER: CNQ    | RESULT: PASS   | SENTIMENT:   0.0 | REASON: All Gates Cleared
[2026-03-25 02:44:10] TICKER: XAGUSD | RESULT: PASS   | SENTIMENT:   0.0 | REASON: All Gates Cleared
[2026-03-25 02:44:10] TICKER: XAUUSD | RESULT: PASS   | SENTIMENT:   0.0 | REASON: All Gates Cleared
[2026-03-25 02:49:11] TICKER: VALE   | RESULT: PASS   | SENTIMENT:   0.0 | REASON: All Gates Cleared
[2026-03-25 02:49:12] TICKER: PBR    | RESULT: PASS   | SENTIMENT:   0.0 | REASON: All Gates Cleared
[2026-03-25 02:49:12] TICKER: BHP    | RESULT: PASS   | SENTIMENT:   0.0 | REASON: All Gates Cleared
[2026-03-25 02:49:12] TICKER: RIO    | RESULT: PASS   | SENTIMENT:   0.0 | REASON: All Gates Cleared
[2026-03-25 02:49:13] TICKER: SU     | RESULT: PASS   | SENTIMENT:   0.0 | REASON: All Gates Cleared
[2026-03-25 02:49:13] TICKER: CNQ    | RESULT: PASS   | SENTIMENT:   0.0 | REASON: All Gates Cleared
[2026-03-25 02:49:13] TICKER: XAGUSD | RESULT: PASS   | SENTIMENT:   0.0 | REASON: All Gates Cleared
[2026-03-25 02:49:13] TICKER: XAUUSD | RESULT: PASS   | SENTIMENT:   0.0 | REASON: All Gates Cleared
[2026-03-25 02:54:14] TICKER: VALE   | RESULT: PASS   | SENTIMENT:   0.0 | REASON: All Gates Cleared
[2026-03-25 02:54:15] TICKER: PBR    | RESULT: PASS   | SENTIMENT:   0.0 | REASON: All Gates Cleared
[2026-03-25 02:54:15] TICKER: BHP    | RESULT: PASS   | SENTIMENT:   0.0 | REASON: All Gates Cleared
[2026-03-25 02:54:16] TICKER: RIO    | RESULT: PASS   | SENTIMENT:   0.0 | REASON: All Gates Cleared
[2026-03-25 02:54:16] TICKER: SU     | RESULT: PASS   | SENTIMENT:   0.0 | REASON: All Gates Cleared
[2026-03-25 02:54:16] TICKER: CNQ    | RESULT: PASS   | SENTIMENT:   0.0 | REASON: All Gates Cleared
[2026-03-25 02:54:16] TICKER: XAGUSD | RESULT: PASS   | SENTIMENT:   0.0 | REASON: All Gates Cleared
[2026-03-25 02:54:17] TICKER: XAUUSD | RESULT: PASS   | SENTIMENT:   0.0 | REASON: All Gates Cleared
[2026-03-25 02:59:18] TICKER: VALE   | RESULT: PASS   | SENTIMENT:   0.0 | REASON: All Gates Cleared
[2026-03-25 02:59:18] TICKER: PBR    | RESULT: PASS   | SENTIMENT:   0.0 | REASON: All Gates Cleared
[2026-03-25 02:59:18] TICKER: BHP    | RESULT: PASS   | SENTIMENT:   0.0 | REASON: All Gates Cleared
[2026-03-25 02:59:19] TICKER: RIO    | RESULT: PASS   | SENTIMENT:   0.0 | REASON: All Gates Cleared
[2026-03-25 02:59:19] TICKER: SU     | RESULT: PASS   | SENTIMENT:   0.0 | REASON: All Gates Cleared
[2026-03-25 02:59:19] TICKER: CNQ    | RESULT: PASS   | SENTIMENT:   0.0 | REASON: All Gates Cleared
[2026-03-25 02:59:20] TICKER: XAGUSD | RESULT: PASS   | SENTIMENT:   0.0 | REASON: All Gates Cleared
[2026-03-25 02:59:20] TICKER: XAUUSD | RESULT: PASS   | SENTIMENT:   0.0 | REASON: All Gates Cleared
[2026-03-25 03:04:21] TICKER: VALE   | RESULT: PASS   | SENTIMENT:   0.0 | REASON: All Gates Cleared
[2026-03-25 03:04:21] TICKER: PBR    | RESULT: PASS   | SENTIMENT:   0.0 | REASON: All Gates Cleared
[2026-03-25 03:04:22] TICKER: BHP    | RESULT: PASS   | SENTIMENT:   0.0 | REASON: All Gates Cleared
[2026-03-25 03:04:22] TICKER: RIO    | RESULT: PASS   | SENTIMENT:   0.0 | REASON: All Gates Cleared
[2026-03-25 03:04:22] TICKER: SU     | RESULT: PASS   | SENTIMENT:   0.0 | REASON: All Gates Cleared
[2026-03-25 03:04:23] TICKER: CNQ    | RESULT: PASS   | SENTIMENT:   0.0 | REASON: All Gates Cleared
[2026-03-25 03:04:23] TICKER: XAGUSD | RESULT: PASS   | SENTIMENT:   0.0 | REASON: All Gates Cleared
[2026-03-25 03:04:23] TICKER: XAUUSD | RESULT: PASS   | SENTIMENT:   0.0 | REASON: All Gates Cleared
[2026-03-25 03:09:24] TICKER: VALE   | RESULT: PASS   | SENTIMENT:   0.0 | REASON: All Gates Cleared
[2026-03-25 03:09:25] TICKER: PBR    | RESULT: PASS   | SENTIMENT:   0.0 | REASON: All Gates Cleared
[2026-03-25 03:09:25] TICKER: BHP    | RESULT: PASS   | SENTIMENT:   0.0 | REASON: All Gates Cleared
[2026-03-25 03:09:25] TICKER: RIO    | RESULT: PASS   | SENTIMENT:   0.0 | REASON: All Gates Cleared
[2026-03-25 03:09:26] TICKER: SU     | RESULT: PASS   | SENTIMENT:   0.0 | REASON: All Gates Cleared
[2026-03-25 03:09:26] TICKER: CNQ    | RESULT: PASS   | SENTIMENT:   0.0 | REASON: All Gates Cleared
[2026-03-25 03:09:26] TICKER: XAGUSD | RESULT: PASS   | SENTIMENT:   0.0 | REASON: All Gates Cleared
[2026-03-25 03:09:27] TICKER: XAUUSD | RESULT: PASS   | SENTIMENT:   0.0 | REASON: All Gates Cleared
[2026-03-25 03:14:27] TICKER: VALE   | RESULT: PASS   | SENTIMENT:   0.0 | REASON: All Gates Cleared
[2026-03-25 03:14:28] TICKER: PBR    | RESULT: PASS   | SENTIMENT:   0.0 | REASON: All Gates Cleared
[2026-03-25 03:14:28] TICKER: BHP    | RESULT: PASS   | SENTIMENT:   0.0 | REASON: All Gates Cleared
[2026-03-25 03:14:29] TICKER: RIO    | RESULT: PASS   | SENTIMENT:   0.0 | REASON: All Gates Cleared
[2026-03-25 03:14:29] TICKER: SU     | RESULT: PASS   | SENTIMENT:   0.0 | REASON: All Gates Cleared
[2026-03-25 03:14:29] TICKER: CNQ    | RESULT: PASS   | SENTIMENT:   0.0 | REASON: All Gates Cleared
[2026-03-25 03:14:30] TICKER: XAGUSD | RESULT: PASS   | SENTIMENT:   0.0 | REASON: All Gates Cleared
[2026-03-25 03:14:30] TICKER: XAUUSD | RESULT: PASS   | SENTIMENT:   0.0 | REASON: All Gates Cleared
[2026-03-25 03:19:31] TICKER: VALE   | RESULT: PASS   | SENTIMENT:   0.0 | REASON: All Gates Cleared
[2026-03-25 03:19:31] TICKER: PBR    | RESULT: PASS   | SENTIMENT:   0.0 | REASON: All Gates Cleared
[2026-03-25 03:19:32] TICKER: BHP    | RESULT: PASS   | SENTIMENT:   0.0 | REASON: All Gates Cleared
[2026-03-25 03:19:32] TICKER: RIO    | RESULT: PASS   | SENTIMENT:   0.0 | REASON: All Gates Cleared
[2026-03-25 03:19:33] TICKER: SU     | RESULT: PASS   | SENTIMENT:   0.0 | REASON: All Gates Cleared
[2026-03-25 03:19:33] TICKER: CNQ    | RESULT: PASS   | SENTIMENT:   0.0 | REASON: All Gates Cleared
[2026-03-25 03:19:33] TICKER: XAGUSD | RESULT: PASS   | SENTIMENT:   0.0 | REASON: All Gates Cleared
[2026-03-25 03:19:34] TICKER: XAUUSD | RESULT: PASS   | SENTIMENT:   0.0 | REASON: All Gates Cleared
[2026-03-25 03:24:35] TICKER: VALE   | RESULT: PASS   | SENTIMENT:   0.0 | REASON: All Gates Cleared
[2026-03-25 03:24:35] TICKER: PBR    | RESULT: PASS   | SENTIMENT:   0.0 | REASON: All Gates Cleared
[2026-03-25 03:24:36] TICKER: BHP    | RESULT: PASS   | SENTIMENT:   0.0 | REASON: All Gates Cleared
[2026-03-25 03:24:36] TICKER: RIO    | RESULT: PASS   | SENTIMENT:   0.0 | REASON: All Gates Cleared
[2026-03-25 03:24:36] TICKER: SU     | RESULT: PASS   | SENTIMENT:   0.0 | REASON: All Gates Cleared
[2026-03-25 03:24:37] TICKER: CNQ    | RESULT: PASS   | SENTIMENT:   0.0 | REASON: All Gates Cleared
[2026-03-25 03:24:37] TICKER: XAGUSD | RESULT: PASS   | SENTIMENT:   0.0 | REASON: All Gates Cleared
[2026-03-25 03:24:37] TICKER: XAUUSD | RESULT: PASS   | SENTIMENT:   0.0 | REASON: All Gates Cleared
[2026-03-25 03:29:38] TICKER: VALE   | RESULT: PASS   | SENTIMENT:   0.0 | REASON: All Gates Cleared
[2026-03-25 03:29:39] TICKER: PBR    | RESULT: PASS   | SENTIMENT:   0.0 | REASON: All Gates Cleared
[2026-03-25 03:29:39] TICKER: BHP    | RESULT: PASS   | SENTIMENT:   0.0 | REASON: All Gates Cleared
[2026-03-25 03:29:39] TICKER: RIO    | RESULT: PASS   | SENTIMENT:   0.0 | REASON: All Gates Cleared
[2026-03-25 03:29:40] TICKER: SU     | RESULT: PASS   | SENTIMENT:   0.0 | REASON: All Gates Cleared
[2026-03-25 03:29:40] TICKER: CNQ    | RESULT: PASS   | SENTIMENT:   0.0 | REASON: All Gates Cleared
[2026-03-25 03:29:40] TICKER: XAGUSD | RESULT: PASS   | SENTIMENT:   0.0 | REASON: All Gates Cleared
[2026-03-25 03:29:41] TICKER: XAUUSD | RESULT: PASS   | SENTIMENT:   0.0 | REASON: All Gates Cleared
[2026-03-25 03:34:41] TICKER: VALE   | RESULT: PASS   | SENTIMENT:   0.0 | REASON: All Gates Cleared
[2026-03-25 03:34:42] TICKER: PBR    | RESULT: PASS   | SENTIMENT:   0.0 | REASON: All Gates Cleared
[2026-03-25 03:34:42] TICKER: BHP    | RESULT: PASS   | SENTIMENT:   0.0 | REASON: All Gates Cleared
[2026-03-25 03:34:43] TICKER: RIO    | RESULT: PASS   | SENTIMENT:   0.0 | REASON: All Gates Cleared
[2026-03-25 03:34:43] TICKER: SU     | RESULT: PASS   | SENTIMENT:   0.0 | REASON: All Gates Cleared
[2026-03-25 03:34:43] TICKER: CNQ    | RESULT: PASS   | SENTIMENT:   0.0 | REASON: All Gates Cleared
[2026-03-25 03:34:44] TICKER: XAGUSD | RESULT: PASS   | SENTIMENT:   0.0 | REASON: All Gates Cleared
[2026-03-25 03:34:44] TICKER: XAUUSD | RESULT: PASS   | SENTIMENT:   0.0 | REASON: All Gates Cleared
[2026-03-25 03:39:45] TICKER: VALE   | RESULT: PASS   | SENTIMENT:   0.0 | REASON: All Gates Cleared
[2026-03-25 03:39:45] TICKER: PBR    | RESULT: PASS   | SENTIMENT:   0.0 | REASON: All Gates Cleared
[2026-03-25 03:39:46] TICKER: BHP    | RESULT: PASS   | SENTIMENT:   0.0 | REASON: All Gates Cleared
[2026-03-25 03:39:46] TICKER: RIO    | RESULT: PASS   | SENTIMENT:   0.0 | REASON: All Gates Cleared
[2026-03-25 03:39:46] TICKER: SU     | RESULT: PASS   | SENTIMENT:   0.0 | REASON: All Gates Cleared
[2026-03-25 03:39:47] TICKER: CNQ    | RESULT: PASS   | SENTIMENT:   0.0 | REASON: All Gates Cleared
[2026-03-25 03:39:47] TICKER: XAGUSD | RESULT: PASS   | SENTIMENT:   0.0 | REASON: All Gates Cleared
[2026-03-25 03:39:47] TICKER: XAUUSD | RESULT: PASS   | SENTIMENT:   0.0 | REASON: All Gates Cleared
[2026-03-25 03:44:48] TICKER: VALE   | RESULT: PASS   | SENTIMENT:   0.0 | REASON: All Gates Cleared
[2026-03-25 03:44:48] TICKER: PBR    | RESULT: PASS   | SENTIMENT:   0.0 | REASON: All Gates Cleared
[2026-03-25 03:44:49] TICKER: BHP    | RESULT: PASS   | SENTIMENT:   0.0 | REASON: All Gates Cleared
[2026-03-25 03:44:49] TICKER: RIO    | RESULT: PASS   | SENTIMENT:   0.0 | REASON: All Gates Cleared
[2026-03-25 03:44:50] TICKER: SU     | RESULT: PASS   | SENTIMENT:   0.0 | REASON: All Gates Cleared
[2026-03-25 03:44:50] TICKER: CNQ    | RESULT: PASS   | SENTIMENT:   0.0 | REASON: All Gates Cleared
[2026-03-25 03:44:50] TICKER: XAGUSD | RESULT: PASS   | SENTIMENT:   0.0 | REASON: All Gates Cleared
[2026-03-25 03:44:50] TICKER: XAUUSD | RESULT: PASS   | SENTIMENT:   0.0 | REASON: All Gates Cleared
[2026-03-25 03:49:51] TICKER: VALE   | RESULT: PASS   | SENTIMENT:   0.0 | REASON: All Gates Cleared
[2026-03-25 03:49:52] TICKER: PBR    | RESULT: PASS   | SENTIMENT:   0.0 | REASON: All Gates Cleared
[2026-03-25 03:49:52] TICKER: BHP    | RESULT: PASS   | SENTIMENT:   0.0 | REASON: All Gates Cleared
[2026-03-25 03:49:53] TICKER: RIO    | RESULT: PASS   | SENTIMENT:   0.0 | REASON: All Gates Cleared
[2026-03-25 03:49:53] TICKER: SU     | RESULT: PASS   | SENTIMENT:   0.0 | REASON: All Gates Cleared
[2026-03-25 03:49:53] TICKER: CNQ    | RESULT: PASS   | SENTIMENT:   0.0 | REASON: All Gates Cleared
[2026-03-25 03:49:53] TICKER: XAGUSD | RESULT: PASS   | SENTIMENT:   0.0 | REASON: All Gates Cleared
[2026-03-25 03:49:54] TICKER: XAUUSD | RESULT: PASS   | SENTIMENT:   0.0 | REASON: All Gates Cleared
[2026-03-25 03:54:55] TICKER: VALE   | RESULT: PASS   | SENTIMENT:   0.0 | REASON: All Gates Cleared
[2026-03-25 03:54:55] TICKER: PBR    | RESULT: PASS   | SENTIMENT:   0.0 | REASON: All Gates Cleared
[2026-03-25 03:54:55] TICKER: BHP    | RESULT: PASS   | SENTIMENT:   0.0 | REASON: All Gates Cleared
[2026-03-25 03:54:56] TICKER: RIO    | RESULT: PASS   | SENTIMENT:   0.0 | REASON: All Gates Cleared
[2026-03-25 03:54:56] TICKER: SU     | RESULT: PASS   | SENTIMENT:   0.0 | REASON: All Gates Cleared
[2026-03-25 03:54:56] TICKER: CNQ    | RESULT: PASS   | SENTIMENT:   0.0 | REASON: All Gates Cleared
[2026-03-25 03:54:57] TICKER: XAGUSD | RESULT: PASS   | SENTIMENT:   0.0 | REASON: All Gates Cleared
[2026-03-25 03:54:57] TICKER: XAUUSD | RESULT: PASS   | SENTIMENT:   0.0 | REASON: All Gates Cleared
[2026-03-25 03:59:58] TICKER: VALE   | RESULT: PASS   | SENTIMENT:   0.0 | REASON: All Gates Cleared
[2026-03-25 03:59:58] TICKER: PBR    | RESULT: PASS   | SENTIMENT:   0.0 | REASON: All Gates Cleared
[2026-03-25 03:59:59] TICKER: BHP    | RESULT: PASS   | SENTIMENT:   0.0 | REASON: All Gates Cleared
[2026-03-25 03:59:59] TICKER: RIO    | RESULT: PASS   | SENTIMENT:   0.0 | REASON: All Gates Cleared
[2026-03-25 03:59:59] TICKER: SU     | RESULT: PASS   | SENTIMENT:   0.0 | REASON: All Gates Cleared
[2026-03-25 04:00:00] TICKER: CNQ    | RESULT: PASS   | SENTIMENT:   0.0 | REASON: All Gates Cleared
[2026-03-25 04:00:00] TICKER: XAGUSD | RESULT: PASS   | SENTIMENT:   0.0 | REASON: All Gates Cleared
[2026-03-25 04:00:00] TICKER: XAUUSD | RESULT: PASS   | SENTIMENT:   0.0 | REASON: All Gates Cleared
[2026-03-25 04:05:01] TICKER: VALE   | RESULT: PASS   | SENTIMENT:   0.0 | REASON: All Gates Cleared
[2026-03-25 04:05:02] TICKER: PBR    | RESULT: PASS   | SENTIMENT:   0.0 | REASON: All Gates Cleared
[2026-03-25 04:05:02] TICKER: BHP    | RESULT: PASS   | SENTIMENT:   0.0 | REASON: All Gates Cleared
[2026-03-25 04:05:02] TICKER: RIO    | RESULT: PASS   | SENTIMENT:   0.0 | REASON: All Gates Cleared
[2026-03-25 04:05:03] TICKER: SU     | RESULT: PASS   | SENTIMENT:   0.0 | REASON: All Gates Cleared
[2026-03-25 04:05:03] TICKER: CNQ    | RESULT: PASS   | SENTIMENT:   0.0 | REASON: All Gates Cleared
[2026-03-25 04:05:03] TICKER: XAGUSD | RESULT: PASS   | SENTIMENT:   0.0 | REASON: All Gates Cleared
[2026-03-25 04:05:04] TICKER: XAUUSD | RESULT: PASS   | SENTIMENT:   0.0 | REASON: All Gates Cleared
[2026-03-25 04:10:04] TICKER: VALE   | RESULT: PASS   | SENTIMENT:   0.0 | REASON: All Gates Cleared
[2026-03-25 04:10:05] TICKER: PBR    | RESULT: PASS   | SENTIMENT:   0.0 | REASON: All Gates Cleared
[2026-03-25 04:10:05] TICKER: BHP    | RESULT: PASS   | SENTIMENT:   0.0 | REASON: All Gates Cleared
[2026-03-25 04:10:06] TICKER: RIO    | RESULT: PASS   | SENTIMENT:   0.0 | REASON: All Gates Cleared
[2026-03-25 04:10:06] TICKER: SU     | RESULT: PASS   | SENTIMENT:   0.0 | REASON: All Gates Cleared
[2026-03-25 04:10:06] TICKER: CNQ    | RESULT: PASS   | SENTIMENT:   0.0 | REASON: All Gates Cleared
[2026-03-25 04:10:06] TICKER: XAGUSD | RESULT: PASS   | SENTIMENT:   0.0 | REASON: All Gates Cleared
[2026-03-25 04:10:07] TICKER: XAUUSD | RESULT: PASS   | SENTIMENT:   0.0 | REASON: All Gates Cleared
[2026-03-25 04:15:08] TICKER: VALE   | RESULT: PASS   | SENTIMENT:   0.0 | REASON: All Gates Cleared
[2026-03-25 04:15:08] TICKER: PBR    | RESULT: PASS   | SENTIMENT:   0.0 | REASON: All Gates Cleared
[2026-03-25 04:15:08] TICKER: BHP    | RESULT: PASS   | SENTIMENT:   0.0 | REASON: All Gates Cleared
[2026-03-25 04:15:09] TICKER: RIO    | RESULT: PASS   | SENTIMENT:   0.0 | REASON: All Gates Cleared
[2026-03-25 04:15:09] TICKER: SU     | RESULT: PASS   | SENTIMENT:   0.0 | REASON: All Gates Cleared
[2026-03-25 04:15:09] TICKER: CNQ    | RESULT: PASS   | SENTIMENT:   0.0 | REASON: All Gates Cleared
[2026-03-25 04:15:10] TICKER: XAGUSD | RESULT: PASS   | SENTIMENT:   0.0 | REASON: All Gates Cleared
[2026-03-25 04:15:10] TICKER: XAUUSD | RESULT: PASS   | SENTIMENT:   0.0 | REASON: All Gates Cleared
[2026-03-25 04:20:11] TICKER: VALE   | RESULT: PASS   | SENTIMENT:   0.0 | REASON: All Gates Cleared
[2026-03-25 04:20:11] TICKER: PBR    | RESULT: PASS   | SENTIMENT:   0.0 | REASON: All Gates Cleared
[2026-03-25 04:20:12] TICKER: BHP    | RESULT: PASS   | SENTIMENT:   0.0 | REASON: All Gates Cleared
[2026-03-25 04:20:12] TICKER: RIO    | RESULT: PASS   | SENTIMENT:   0.0 | REASON: All Gates Cleared
[2026-03-25 04:20:12] TICKER: SU     | RESULT: PASS   | SENTIMENT:   0.0 | REASON: All Gates Cleared
[2026-03-25 04:20:13] TICKER: CNQ    | RESULT: PASS   | SENTIMENT:   0.0 | REASON: All Gates Cleared
[2026-03-25 04:20:13] TICKER: XAGUSD | RESULT: PASS   | SENTIMENT:   0.0 | REASON: All Gates Cleared
[2026-03-25 04:20:13] TICKER: XAUUSD | RESULT: PASS   | SENTIMENT:   0.0 | REASON: All Gates Cleared
[2026-03-25 04:25:14] TICKER: VALE   | RESULT: PASS   | SENTIMENT:   0.0 | REASON: All Gates Cleared
[2026-03-25 04:25:15] TICKER: PBR    | RESULT: PASS   | SENTIMENT:   0.0 | REASON: All Gates Cleared
[2026-03-25 04:25:15] TICKER: BHP    | RESULT: PASS   | SENTIMENT:   0.0 | REASON: All Gates Cleared
[2026-03-25 04:25:15] TICKER: RIO    | RESULT: PASS   | SENTIMENT:   0.0 | REASON: All Gates Cleared
[2026-03-25 04:25:16] TICKER: SU     | RESULT: PASS   | SENTIMENT:   0.0 | REASON: All Gates Cleared
[2026-03-25 04:25:16] TICKER: CNQ    | RESULT: PASS   | SENTIMENT:   0.0 | REASON: All Gates Cleared
[2026-03-25 04:25:16] TICKER: XAGUSD | RESULT: PASS   | SENTIMENT:   0.0 | REASON: All Gates Cleared
[2026-03-25 04:25:17] TICKER: XAUUSD | RESULT: PASS   | SENTIMENT:   0.0 | REASON: All Gates Cleared
[2026-03-25 04:30:17] TICKER: VALE   | RESULT: PASS   | SENTIMENT:   0.0 | REASON: All Gates Cleared
[2026-03-25 04:30:18] TICKER: PBR    | RESULT: PASS   | SENTIMENT:   0.0 | REASON: All Gates Cleared
[2026-03-25 04:30:18] TICKER: BHP    | RESULT: PASS   | SENTIMENT:   0.0 | REASON: All Gates Cleared
[2026-03-25 04:30:19] TICKER: RIO    | RESULT: PASS   | SENTIMENT:   0.0 | REASON: All Gates Cleared
[2026-03-25 04:30:19] TICKER: SU     | RESULT: PASS   | SENTIMENT:   0.0 | REASON: All Gates Cleared
[2026-03-25 04:30:19] TICKER: CNQ    | RESULT: PASS   | SENTIMENT:   0.0 | REASON: All Gates Cleared
[2026-03-25 04:30:20] TICKER: XAGUSD | RESULT: PASS   | SENTIMENT:   0.0 | REASON: All Gates Cleared
[2026-03-25 04:30:20] TICKER: XAUUSD | RESULT: PASS   | SENTIMENT:   0.0 | REASON: All Gates Cleared
[2026-03-25 04:35:21] TICKER: VALE   | RESULT: PASS   | SENTIMENT:   0.0 | REASON: All Gates Cleared
[2026-03-25 04:35:22] TICKER: PBR    | RESULT: PASS   | SENTIMENT:   0.0 | REASON: All Gates Cleared
[2026-03-25 04:35:22] TICKER: BHP    | RESULT: PASS   | SENTIMENT:   0.0 | REASON: All Gates Cleared
[2026-03-25 04:35:22] TICKER: RIO    | RESULT: PASS   | SENTIMENT:   0.0 | REASON: All Gates Cleared
[2026-03-25 04:35:23] TICKER: SU     | RESULT: PASS   | SENTIMENT:   0.0 | REASON: All Gates Cleared
[2026-03-25 04:35:23] TICKER: CNQ    | RESULT: PASS   | SENTIMENT:   0.0 | REASON: All Gates Cleared
[2026-03-25 04:35:23] TICKER: XAGUSD | RESULT: PASS   | SENTIMENT:   0.0 | REASON: All Gates Cleared
[2026-03-25 04:35:24] TICKER: XAUUSD | RESULT: PASS   | SENTIMENT:   0.0 | REASON: All Gates Cleared
[2026-03-25 04:40:24] TICKER: VALE   | RESULT: PASS   | SENTIMENT:   0.0 | REASON: All Gates Cleared
[2026-03-25 04:40:25] TICKER: PBR    | RESULT: PASS   | SENTIMENT:   0.0 | REASON: All Gates Cleared
[2026-03-25 04:40:25] TICKER: BHP    | RESULT: PASS   | SENTIMENT:   0.0 | REASON: All Gates Cleared
[2026-03-25 04:40:26] TICKER: RIO    | RESULT: PASS   | SENTIMENT:   0.0 | REASON: All Gates Cleared
[2026-03-25 04:40:26] TICKER: SU     | RESULT: PASS   | SENTIMENT:   0.0 | REASON: All Gates Cleared
[2026-03-25 04:40:26] TICKER: CNQ    | RESULT: PASS   | SENTIMENT:   0.0 | REASON: All Gates Cleared
[2026-03-25 04:40:26] TICKER: XAGUSD | RESULT: PASS   | SENTIMENT:   0.0 | REASON: All Gates Cleared
[2026-03-25 04:40:27] TICKER: XAUUSD | RESULT: PASS   | SENTIMENT:   0.0 | REASON: All Gates Cleared
[2026-03-25 04:45:28] TICKER: VALE   | RESULT: PASS   | SENTIMENT:   0.0 | REASON: All Gates Cleared
[2026-03-25 04:45:28] TICKER: PBR    | RESULT: PASS   | SENTIMENT:   0.0 | REASON: All Gates Cleared
[2026-03-25 04:45:29] TICKER: BHP    | RESULT: PASS   | SENTIMENT:   0.0 | REASON: All Gates Cleared
[2026-03-25 04:45:29] TICKER: RIO    | RESULT: PASS   | SENTIMENT:   0.0 | REASON: All Gates Cleared
[2026-03-25 04:45:29] TICKER: SU     | RESULT: PASS   | SENTIMENT:   0.0 | REASON: All Gates Cleared
[2026-03-25 04:45:30] TICKER: CNQ    | RESULT: PASS   | SENTIMENT:   0.0 | REASON: All Gates Cleared
[2026-03-25 04:45:30] TICKER: XAGUSD | RESULT: PASS   | SENTIMENT:   0.0 | REASON: All Gates Cleared
[2026-03-25 04:45:30] TICKER: XAUUSD | RESULT: PASS   | SENTIMENT:   0.0 | REASON: All Gates Cleared
[2026-03-25 04:50:31] TICKER: VALE   | RESULT: PASS   | SENTIMENT:   0.0 | REASON: All Gates Cleared
[2026-03-25 04:50:32] TICKER: PBR    | RESULT: PASS   | SENTIMENT:   0.0 | REASON: All Gates Cleared
[2026-03-25 04:50:32] TICKER: BHP    | RESULT: PASS   | SENTIMENT:   0.0 | REASON: All Gates Cleared
[2026-03-25 04:50:32] TICKER: RIO    | RESULT: PASS   | SENTIMENT:   0.0 | REASON: All Gates Cleared
[2026-03-25 04:50:33] TICKER: SU     | RESULT: PASS   | SENTIMENT:   0.0 | REASON: All Gates Cleared
[2026-03-25 04:50:33] TICKER: CNQ    | RESULT: PASS   | SENTIMENT:   0.0 | REASON: All Gates Cleared
[2026-03-25 04:50:33] TICKER: XAGUSD | RESULT: PASS   | SENTIMENT:   0.0 | REASON: All Gates Cleared
[2026-03-25 04:50:33] TICKER: XAUUSD | RESULT: PASS   | SENTIMENT:   0.0 | REASON: All Gates Cleared
[2026-03-25 04:55:34] TICKER: VALE   | RESULT: PASS   | SENTIMENT:   0.0 | REASON: All Gates Cleared
[2026-03-25 04:55:35] TICKER: PBR    | RESULT: PASS   | SENTIMENT:   0.0 | REASON: All Gates Cleared
[2026-03-25 04:55:35] TICKER: BHP    | RESULT: PASS   | SENTIMENT:   0.0 | REASON: All Gates Cleared
[2026-03-25 04:55:36] TICKER: RIO    | RESULT: PASS   | SENTIMENT:   0.0 | REASON: All Gates Cleared
[2026-03-25 04:55:36] TICKER: SU     | RESULT: PASS   | SENTIMENT:   0.0 | REASON: All Gates Cleared
[2026-03-25 04:55:36] TICKER: CNQ    | RESULT: PASS   | SENTIMENT:   0.0 | REASON: All Gates Cleared
[2026-03-25 04:55:36] TICKER: XAGUSD | RESULT: PASS   | SENTIMENT:   0.0 | REASON: All Gates Cleared
[2026-03-25 04:55:37] TICKER: XAUUSD | RESULT: PASS   | SENTIMENT:   0.0 | REASON: All Gates Cleared
[2026-03-25 05:00:38] TICKER: VALE   | RESULT: PASS   | SENTIMENT:   0.0 | REASON: All Gates Cleared
[2026-03-25 05:00:38] TICKER: PBR    | RESULT: PASS   | SENTIMENT:   0.0 | REASON: All Gates Cleared
[2026-03-25 05:00:38] TICKER: BHP    | RESULT: PASS   | SENTIMENT:   0.0 | REASON: All Gates Cleared
[2026-03-25 05:00:39] TICKER: RIO    | RESULT: PASS   | SENTIMENT:   0.0 | REASON: All Gates Cleared
[2026-03-25 05:00:39] TICKER: SU     | RESULT: PASS   | SENTIMENT:   0.0 | REASON: All Gates Cleared
[2026-03-25 05:00:39] TICKER: CNQ    | RESULT: PASS   | SENTIMENT:   0.0 | REASON: All Gates Cleared
[2026-03-25 05:00:40] TICKER: XAGUSD | RESULT: PASS   | SENTIMENT:   0.0 | REASON: All Gates Cleared
[2026-03-25 05:00:40] TICKER: XAUUSD | RESULT: PASS   | SENTIMENT:   0.0 | REASON: All Gates Cleared
[2026-03-25 05:05:41] TICKER: VALE   | RESULT: PASS   | SENTIMENT:   0.0 | REASON: All Gates Cleared
[2026-03-25 05:05:41] TICKER: PBR    | RESULT: PASS   | SENTIMENT:   0.0 | REASON: All Gates Cleared
[2026-03-25 05:05:42] TICKER: BHP    | RESULT: PASS   | SENTIMENT:   0.0 | REASON: All Gates Cleared
[2026-03-25 05:05:42] TICKER: RIO    | RESULT: PASS   | SENTIMENT:   0.0 | REASON: All Gates Cleared
[2026-03-25 05:05:42] TICKER: SU     | RESULT: PASS   | SENTIMENT:   0.0 | REASON: All Gates Cleared
[2026-03-25 05:05:43] TICKER: CNQ    | RESULT: PASS   | SENTIMENT:   0.0 | REASON: All Gates Cleared
[2026-03-25 05:05:43] TICKER: XAGUSD | RESULT: PASS   | SENTIMENT:   0.0 | REASON: All Gates Cleared
[2026-03-25 05:05:43] TICKER: XAUUSD | RESULT: PASS   | SENTIMENT:   0.0 | REASON: All Gates Cleared
[2026-03-25 05:10:44] TICKER: VALE   | RESULT: PASS   | SENTIMENT:   0.0 | REASON: All Gates Cleared
[2026-03-25 05:10:44] TICKER: PBR    | RESULT: PASS   | SENTIMENT:   0.0 | REASON: All Gates Cleared
[2026-03-25 05:10:45] TICKER: BHP    | RESULT: PASS   | SENTIMENT:   0.0 | REASON: All Gates Cleared
[2026-03-25 05:10:45] TICKER: RIO    | RESULT: PASS   | SENTIMENT:   0.0 | REASON: All Gates Cleared
[2026-03-25 05:10:45] TICKER: SU     | RESULT: PASS   | SENTIMENT:   0.0 | REASON: All Gates Cleared
[2026-03-25 05:10:46] TICKER: CNQ    | RESULT: PASS   | SENTIMENT:   0.0 | REASON: All Gates Cleared
[2026-03-25 05:10:46] TICKER: XAGUSD | RESULT: PASS   | SENTIMENT:   0.0 | REASON: All Gates Cleared
[2026-03-25 05:10:46] TICKER: XAUUSD | RESULT: PASS   | SENTIMENT:   0.0 | REASON: All Gates Cleared
[2026-03-25 05:15:47] TICKER: VALE   | RESULT: PASS   | SENTIMENT:   0.0 | REASON: All Gates Cleared
[2026-03-25 05:15:48] TICKER: PBR    | RESULT: PASS   | SENTIMENT:   0.0 | REASON: All Gates Cleared
[2026-03-25 05:15:48] TICKER: BHP    | RESULT: PASS   | SENTIMENT:   0.0 | REASON: All Gates Cleared
[2026-03-25 05:15:49] TICKER: RIO    | RESULT: PASS   | SENTIMENT:   0.0 | REASON: All Gates Cleared
[2026-03-25 05:15:49] TICKER: SU     | RESULT: PASS   | SENTIMENT:   0.0 | REASON: All Gates Cleared
[2026-03-25 05:15:49] TICKER: CNQ    | RESULT: PASS   | SENTIMENT:   0.0 | REASON: All Gates Cleared
[2026-03-25 05:15:50] TICKER: XAGUSD | RESULT: PASS   | SENTIMENT:   0.0 | REASON: All Gates Cleared
[2026-03-25 05:15:50] TICKER: XAUUSD | RESULT: PASS   | SENTIMENT:   0.0 | REASON: All Gates Cleared
[2026-03-25 05:20:51] TICKER: VALE   | RESULT: PASS   | SENTIMENT:   0.0 | REASON: All Gates Cleared
[2026-03-25 05:20:51] TICKER: PBR    | RESULT: PASS   | SENTIMENT:   0.0 | REASON: All Gates Cleared
[2026-03-25 05:20:52] TICKER: BHP    | RESULT: PASS   | SENTIMENT:   0.0 | REASON: All Gates Cleared
[2026-03-25 05:20:52] TICKER: RIO    | RESULT: PASS   | SENTIMENT:   0.0 | REASON: All Gates Cleared
[2026-03-25 05:20:52] TICKER: SU     | RESULT: PASS   | SENTIMENT:   0.0 | REASON: All Gates Cleared
[2026-03-25 05:20:52] TICKER: CNQ    | RESULT: PASS   | SENTIMENT:   0.0 | REASON: All Gates Cleared
[2026-03-25 05:20:53] TICKER: XAGUSD | RESULT: PASS   | SENTIMENT:   0.0 | REASON: All Gates Cleared
[2026-03-25 05:20:53] TICKER: XAUUSD | RESULT: PASS   | SENTIMENT:   0.0 | REASON: All Gates Cleared
[2026-03-25 05:25:57] TICKER: VALE   | RESULT: PASS   | SENTIMENT:   0.0 | REASON: All Gates Cleared
[2026-03-25 05:25:57] TICKER: PBR    | RESULT: PASS   | SENTIMENT:   0.0 | REASON: All Gates Cleared
[2026-03-25 05:25:57] TICKER: BHP    | RESULT: PASS   | SENTIMENT:   0.0 | REASON: All Gates Cleared
[2026-03-25 05:25:58] TICKER: RIO    | RESULT: PASS   | SENTIMENT:   0.0 | REASON: All Gates Cleared
[2026-03-25 05:25:58] TICKER: SU     | RESULT: PASS   | SENTIMENT:   0.0 | REASON: All Gates Cleared
[2026-03-25 05:25:58] TICKER: CNQ    | RESULT: PASS   | SENTIMENT:   0.0 | REASON: All Gates Cleared
[2026-03-25 05:25:59] TICKER: XAGUSD | RESULT: PASS   | SENTIMENT:   0.0 | REASON: All Gates Cleared
[2026-03-25 05:25:59] TICKER: XAUUSD | RESULT: PASS   | SENTIMENT:   0.0 | REASON: All Gates Cleared
[2026-03-25 05:31:00] TICKER: VALE   | RESULT: PASS   | SENTIMENT:   0.0 | REASON: All Gates Cleared
[2026-03-25 05:31:00] TICKER: PBR    | RESULT: PASS   | SENTIMENT:   0.0 | REASON: All Gates Cleared
[2026-03-25 05:31:01] TICKER: BHP    | RESULT: PASS   | SENTIMENT:   0.0 | REASON: All Gates Cleared
[2026-03-25 05:31:01] TICKER: RIO    | RESULT: PASS   | SENTIMENT:   0.0 | REASON: All Gates Cleared
[2026-03-25 05:31:01] TICKER: SU     | RESULT: PASS   | SENTIMENT:   0.0 | REASON: All Gates Cleared
[2026-03-25 05:31:02] TICKER: CNQ    | RESULT: PASS   | SENTIMENT:   0.0 | REASON: All Gates Cleared
[2026-03-25 05:31:02] TICKER: XAGUSD | RESULT: PASS   | SENTIMENT:   0.0 | REASON: All Gates Cleared
[2026-03-25 05:31:02] TICKER: XAUUSD | RESULT: PASS   | SENTIMENT:   0.0 | REASON: All Gates Cleared
[2026-03-25 05:36:03] TICKER: VALE   | RESULT: PASS   | SENTIMENT:   0.0 | REASON: All Gates Cleared
[2026-03-25 05:36:03] TICKER: PBR    | RESULT: PASS   | SENTIMENT:   0.0 | REASON: All Gates Cleared
[2026-03-25 05:36:04] TICKER: BHP    | RESULT: PASS   | SENTIMENT:   0.0 | REASON: All Gates Cleared
[2026-03-25 05:36:04] TICKER: RIO    | RESULT: PASS   | SENTIMENT:   0.0 | REASON: All Gates Cleared
[2026-03-25 05:36:04] TICKER: SU     | RESULT: PASS   | SENTIMENT:   0.0 | REASON: All Gates Cleared
[2026-03-25 05:36:05] TICKER: CNQ    | RESULT: PASS   | SENTIMENT:   0.0 | REASON: All Gates Cleared
[2026-03-25 05:36:05] TICKER: XAGUSD | RESULT: PASS   | SENTIMENT:   0.0 | REASON: All Gates Cleared
[2026-03-25 05:36:05] TICKER: XAUUSD | RESULT: PASS   | SENTIMENT:   0.0 | REASON: All Gates Cleared
[2026-03-25 05:41:06] TICKER: VALE   | RESULT: PASS   | SENTIMENT:   0.0 | REASON: All Gates Cleared
[2026-03-25 05:41:06] TICKER: PBR    | RESULT: PASS   | SENTIMENT:   0.0 | REASON: All Gates Cleared
[2026-03-25 05:41:07] TICKER: BHP    | RESULT: PASS   | SENTIMENT:   0.0 | REASON: All Gates Cleared
[2026-03-25 05:41:07] TICKER: RIO    | RESULT: PASS   | SENTIMENT:   0.0 | REASON: All Gates Cleared
[2026-03-25 05:41:07] TICKER: SU     | RESULT: PASS   | SENTIMENT:   0.0 | REASON: All Gates Cleared
[2026-03-25 05:41:08] TICKER: CNQ    | RESULT: PASS   | SENTIMENT:   0.0 | REASON: All Gates Cleared
[2026-03-25 05:41:08] TICKER: XAGUSD | RESULT: PASS   | SENTIMENT:   0.0 | REASON: All Gates Cleared
[2026-03-25 05:41:08] TICKER: XAUUSD | RESULT: PASS   | SENTIMENT:   0.0 | REASON: All Gates Cleared
[2026-03-25 05:46:09] TICKER: VALE   | RESULT: PASS   | SENTIMENT:   0.0 | REASON: All Gates Cleared
[2026-03-25 05:46:10] TICKER: PBR    | RESULT: PASS   | SENTIMENT:   0.0 | REASON: All Gates Cleared
[2026-03-25 05:46:10] TICKER: BHP    | RESULT: PASS   | SENTIMENT:   0.0 | REASON: All Gates Cleared
[2026-03-25 05:46:10] TICKER: RIO    | RESULT: PASS   | SENTIMENT:   0.0 | REASON: All Gates Cleared
[2026-03-25 05:46:10] TICKER: SU     | RESULT: PASS   | SENTIMENT:   0.0 | REASON: All Gates Cleared
[2026-03-25 05:46:11] TICKER: CNQ    | RESULT: PASS   | SENTIMENT:   0.0 | REASON: All Gates Cleared
[2026-03-25 05:46:11] TICKER: XAGUSD | RESULT: PASS   | SENTIMENT:   0.0 | REASON: All Gates Cleared
[2026-03-25 05:46:11] TICKER: XAUUSD | RESULT: PASS   | SENTIMENT:   0.0 | REASON: All Gates Cleared
[2026-03-25 05:51:12] TICKER: VALE   | RESULT: PASS   | SENTIMENT:   0.0 | REASON: All Gates Cleared
[2026-03-25 05:51:13] TICKER: PBR    | RESULT: PASS   | SENTIMENT:   0.0 | REASON: All Gates Cleared
[2026-03-25 05:51:13] TICKER: BHP    | RESULT: PASS   | SENTIMENT:   0.0 | REASON: All Gates Cleared
[2026-03-25 05:51:14] TICKER: RIO    | RESULT: PASS   | SENTIMENT:   0.0 | REASON: All Gates Cleared
[2026-03-25 05:51:14] TICKER: SU     | RESULT: PASS   | SENTIMENT:   0.0 | REASON: All Gates Cleared
[2026-03-25 05:51:14] TICKER: CNQ    | RESULT: PASS   | SENTIMENT:   0.0 | REASON: All Gates Cleared
[2026-03-25 05:51:14] TICKER: XAGUSD | RESULT: PASS   | SENTIMENT:   0.0 | REASON: All Gates Cleared
[2026-03-25 05:51:15] TICKER: XAUUSD | RESULT: PASS   | SENTIMENT:   0.0 | REASON: All Gates Cleared
[2026-03-25 05:54:20] TICKER: TLT    | RESULT: PASS   | SENTIMENT:   0.0 | REASON: All Gates Cleared
[2026-03-25 05:54:20] TICKER: CCJ    | RESULT: PASS   | SENTIMENT:   0.0 | REASON: All Gates Cleared
[2026-03-25 05:54:20] TICKER: ZIM    | RESULT: PASS   | SENTIMENT:   0.0 | REASON: All Gates Cleared
[2026-03-25 05:54:21] TICKER: GLD    | RESULT: PASS   | SENTIMENT:   0.0 | REASON: All Gates Cleared
[2026-03-25 05:54:21] TICKER: D05.SI | RESULT: PASS   | SENTIMENT:   0.0 | REASON: All Gates Cleared
[2026-03-25 05:54:21] TICKER: BDRY   | RESULT: PASS   | SENTIMENT:   0.0 | REASON: All Gates Cleared
[2026-03-25 05:54:22] TICKER: 8035.T | RESULT: PASS   | SENTIMENT:   0.0 | REASON: All Gates Cleared
[2026-03-25 05:54:22] TICKER: VALE   | RESULT: PASS   | SENTIMENT:   0.0 | REASON: All Gates Cleared
[2026-03-25 05:54:22] TICKER: XAUUSD | RESULT: PASS   | SENTIMENT:   0.0 | REASON: All Gates Cleared
[2026-03-25 05:54:22] TICKER: XAGUSD | RESULT: PASS   | SENTIMENT:   0.0 | REASON: All Gates Cleared
[2026-03-25 05:59:23] TICKER: TLT    | RESULT: PASS   | SENTIMENT:   0.0 | REASON: All Gates Cleared
[2026-03-25 05:59:24] TICKER: CCJ    | RESULT: PASS   | SENTIMENT:   0.0 | REASON: All Gates Cleared
[2026-03-25 05:59:24] TICKER: ZIM    | RESULT: PASS   | SENTIMENT:   0.0 | REASON: All Gates Cleared
[2026-03-25 05:59:24] TICKER: GLD    | RESULT: PASS   | SENTIMENT:   0.0 | REASON: All Gates Cleared
[2026-03-25 05:59:25] TICKER: D05.SI | RESULT: PASS   | SENTIMENT:   0.0 | REASON: All Gates Cleared
[2026-03-25 05:59:25] TICKER: BDRY   | RESULT: PASS   | SENTIMENT:   0.0 | REASON: All Gates Cleared
[2026-03-25 05:59:25] TICKER: 8035.T | RESULT: PASS   | SENTIMENT:   0.0 | REASON: All Gates Cleared
[2026-03-25 05:59:26] TICKER: VALE   | RESULT: PASS   | SENTIMENT:   0.0 | REASON: All Gates Cleared
[2026-03-25 05:59:26] TICKER: XAUUSD | RESULT: PASS   | SENTIMENT:   0.0 | REASON: All Gates Cleared
[2026-03-25 05:59:26] TICKER: XAGUSD | RESULT: PASS   | SENTIMENT:   0.0 | REASON: All Gates Cleared
[2026-03-25 08:04:27] TICKER: TLT    | RESULT: PASS   | SENTIMENT:   0.0 | REASON: All Gates Cleared
[2026-03-25 08:04:28] TICKER: CCJ    | RESULT: PASS   | SENTIMENT:   0.0 | REASON: All Gates Cleared
[2026-03-25 08:04:28] TICKER: ZIM    | RESULT: PASS   | SENTIMENT:   0.0 | REASON: All Gates Cleared
[2026-03-25 08:04:29] TICKER: GLD    | RESULT: PASS   | SENTIMENT:   0.0 | REASON: All Gates Cleared
[2026-03-25 08:04:29] TICKER: D05.SI | RESULT: PASS   | SENTIMENT:   0.0 | REASON: All Gates Cleared
[2026-03-25 08:04:29] TICKER: BDRY   | RESULT: PASS   | SENTIMENT:   0.0 | REASON: All Gates Cleared
[2026-03-25 08:04:30] TICKER: 8035.T | RESULT: PASS   | SENTIMENT:   0.0 | REASON: All Gates Cleared
[2026-03-25 08:04:30] TICKER: VALE   | RESULT: PASS   | SENTIMENT:   0.0 | REASON: All Gates Cleared
[2026-03-25 08:04:30] TICKER: XAUUSD | RESULT: PASS   | SENTIMENT:   0.0 | REASON: All Gates Cleared
[2026-03-25 08:04:31] TICKER: XAGUSD | RESULT: PASS   | SENTIMENT:   0.0 | REASON: All Gates Cleared
[2026-03-25 08:09:31] TICKER: TLT    | RESULT: PASS   | SENTIMENT:   0.0 | REASON: All Gates Cleared
[2026-03-25 08:09:32] TICKER: CCJ    | RESULT: PASS   | SENTIMENT:   0.0 | REASON: All Gates Cleared
[2026-03-25 08:09:32] TICKER: ZIM    | RESULT: PASS   | SENTIMENT:   0.0 | REASON: All Gates Cleared
[2026-03-25 08:09:33] TICKER: GLD    | RESULT: PASS   | SENTIMENT:   0.0 | REASON: All Gates Cleared
[2026-03-25 08:09:33] TICKER: D05.SI | RESULT: PASS   | SENTIMENT:   0.0 | REASON: All Gates Cleared
[2026-03-25 08:09:33] TICKER: BDRY   | RESULT: PASS   | SENTIMENT:   0.0 | REASON: All Gates Cleared
[2026-03-25 08:09:34] TICKER: 8035.T | RESULT: PASS   | SENTIMENT:   0.0 | REASON: All Gates Cleared
[2026-03-25 08:09:34] TICKER: VALE   | RESULT: PASS   | SENTIMENT:   0.0 | REASON: All Gates Cleared
[2026-03-25 08:09:34] TICKER: XAUUSD | RESULT: PASS   | SENTIMENT:   0.0 | REASON: All Gates Cleared
[2026-03-25 08:09:35] TICKER: XAGUSD | RESULT: PASS   | SENTIMENT:   0.0 | REASON: All Gates Cleared
[2026-03-25 08:14:35] TICKER: TLT    | RESULT: PASS   | SENTIMENT:   0.0 | REASON: All Gates Cleared
[2026-03-25 08:14:36] TICKER: CCJ    | RESULT: PASS   | SENTIMENT:   0.0 | REASON: All Gates Cleared
[2026-03-25 08:14:36] TICKER: ZIM    | RESULT: PASS   | SENTIMENT:   0.0 | REASON: All Gates Cleared
[2026-03-25 08:14:37] TICKER: GLD    | RESULT: PASS   | SENTIMENT:   0.0 | REASON: All Gates Cleared
[2026-03-25 08:14:37] TICKER: D05.SI | RESULT: PASS   | SENTIMENT:   0.0 | REASON: All Gates Cleared
[2026-03-25 08:14:37] TICKER: BDRY   | RESULT: PASS   | SENTIMENT:   0.0 | REASON: All Gates Cleared
[2026-03-25 08:14:38] TICKER: 8035.T | RESULT: PASS   | SENTIMENT:   0.0 | REASON: All Gates Cleared
[2026-03-25 08:14:38] TICKER: VALE   | RESULT: PASS   | SENTIMENT:   0.0 | REASON: All Gates Cleared
[2026-03-25 08:14:38] TICKER: XAUUSD | RESULT: PASS   | SENTIMENT:   0.0 | REASON: All Gates Cleared
[2026-03-25 08:14:38] TICKER: XAGUSD | RESULT: PASS   | SENTIMENT:   0.0 | REASON: All Gates Cleared
[2026-03-25 08:19:39] TICKER: TLT    | RESULT: PASS   | SENTIMENT:   0.0 | REASON: All Gates Cleared
[2026-03-25 08:19:39] TICKER: CCJ    | RESULT: PASS   | SENTIMENT:   0.0 | REASON: All Gates Cleared
[2026-03-25 08:19:40] TICKER: ZIM    | RESULT: PASS   | SENTIMENT:   0.0 | REASON: All Gates Cleared
[2026-03-25 08:19:40] TICKER: GLD    | RESULT: PASS   | SENTIMENT:   0.0 | REASON: All Gates Cleared
[2026-03-25 08:19:40] TICKER: D05.SI | RESULT: PASS   | SENTIMENT:   0.0 | REASON: All Gates Cleared
[2026-03-25 08:19:40] TICKER: BDRY   | RESULT: PASS   | SENTIMENT:   0.0 | REASON: All Gates Cleared
[2026-03-25 08:19:41] TICKER: 8035.T | RESULT: PASS   | SENTIMENT:   0.0 | REASON: All Gates Cleared
[2026-03-25 08:19:41] TICKER: VALE   | RESULT: PASS   | SENTIMENT:   0.0 | REASON: All Gates Cleared
[2026-03-25 08:19:41] TICKER: XAUUSD | RESULT: PASS   | SENTIMENT:   0.0 | REASON: All Gates Cleared
[2026-03-25 08:19:42] TICKER: XAGUSD | RESULT: PASS   | SENTIMENT:   0.0 | REASON: All Gates Cleared
[2026-03-25 08:24:42] TICKER: TLT    | RESULT: PASS   | SENTIMENT:   0.0 | REASON: All Gates Cleared
[2026-03-25 08:24:43] TICKER: CCJ    | RESULT: PASS   | SENTIMENT:   0.0 | REASON: All Gates Cleared
[2026-03-25 08:24:43] TICKER: ZIM    | RESULT: PASS   | SENTIMENT:   0.0 | REASON: All Gates Cleared
[2026-03-25 08:24:44] TICKER: GLD    | RESULT: PASS   | SENTIMENT:   0.0 | REASON: All Gates Cleared
[2026-03-25 08:24:44] TICKER: D05.SI | RESULT: PASS   | SENTIMENT:   0.0 | REASON: All Gates Cleared
[2026-03-25 08:24:44] TICKER: BDRY   | RESULT: PASS   | SENTIMENT:   0.0 | REASON: All Gates Cleared
[2026-03-25 08:24:45] TICKER: 8035.T | RESULT: PASS   | SENTIMENT:   0.0 | REASON: All Gates Cleared
[2026-03-25 08:24:45] TICKER: VALE   | RESULT: PASS   | SENTIMENT:   0.0 | REASON: All Gates Cleared
[2026-03-25 08:24:45] TICKER: XAUUSD | RESULT: PASS   | SENTIMENT:   0.0 | REASON: All Gates Cleared
[2026-03-25 08:24:46] TICKER: XAGUSD | RESULT: PASS   | SENTIMENT:   0.0 | REASON: All Gates Cleared
[2026-03-25 08:29:46] TICKER: TLT    | RESULT: PASS   | SENTIMENT:   0.0 | REASON: All Gates Cleared
[2026-03-25 08:29:47] TICKER: CCJ    | RESULT: PASS   | SENTIMENT:   0.0 | REASON: All Gates Cleared
[2026-03-25 08:29:47] TICKER: ZIM    | RESULT: PASS   | SENTIMENT:   0.0 | REASON: All Gates Cleared
[2026-03-25 08:29:48] TICKER: GLD    | RESULT: PASS   | SENTIMENT:   0.0 | REASON: All Gates Cleared
[2026-03-25 08:29:48] TICKER: D05.SI | RESULT: PASS   | SENTIMENT:   0.0 | REASON: All Gates Cleared
[2026-03-25 08:29:48] TICKER: BDRY   | RESULT: PASS   | SENTIMENT:   0.0 | REASON: All Gates Cleared
[2026-03-25 08:29:49] TICKER: 8035.T | RESULT: PASS   | SENTIMENT:   0.0 | REASON: All Gates Cleared
[2026-03-25 08:29:49] TICKER: VALE   | RESULT: PASS   | SENTIMENT:   0.0 | REASON: All Gates Cleared
[2026-03-25 08:29:49] TICKER: XAUUSD | RESULT: PASS   | SENTIMENT:   0.0 | REASON: All Gates Cleared
[2026-03-25 08:29:50] TICKER: XAGUSD | RESULT: PASS   | SENTIMENT:   0.0 | REASON: All Gates Cleared
[2026-03-25 08:34:51] TICKER: TLT    | RESULT: PASS   | SENTIMENT:   0.0 | REASON: All Gates Cleared
[2026-03-25 08:34:51] TICKER: CCJ    | RESULT: PASS   | SENTIMENT:   0.0 | REASON: All Gates Cleared
[2026-03-25 08:34:51] TICKER: ZIM    | RESULT: PASS   | SENTIMENT:   0.0 | REASON: All Gates Cleared
[2026-03-25 08:34:52] TICKER: GLD    | RESULT: PASS   | SENTIMENT:   0.0 | REASON: All Gates Cleared
[2026-03-25 08:34:52] TICKER: D05.SI | RESULT: PASS   | SENTIMENT:   0.0 | REASON: All Gates Cleared
[2026-03-25 08:34:52] TICKER: BDRY   | RESULT: PASS   | SENTIMENT:   0.0 | REASON: All Gates Cleared
[2026-03-25 08:34:53] TICKER: 8035.T | RESULT: PASS   | SENTIMENT:   0.0 | REASON: All Gates Cleared
[2026-03-25 08:34:53] TICKER: VALE   | RESULT: PASS   | SENTIMENT:   0.0 | REASON: All Gates Cleared
[2026-03-25 08:34:53] TICKER: XAUUSD | RESULT: PASS   | SENTIMENT:   0.0 | REASON: All Gates Cleared
[2026-03-25 08:34:54] TICKER: XAGUSD | RESULT: PASS   | SENTIMENT:   0.0 | REASON: All Gates Cleared
[2026-03-25 08:39:55] TICKER: TLT    | RESULT: PASS   | SENTIMENT:   0.0 | REASON: All Gates Cleared
[2026-03-25 08:39:55] TICKER: CCJ    | RESULT: PASS   | SENTIMENT:   0.0 | REASON: All Gates Cleared
[2026-03-25 08:39:56] TICKER: ZIM    | RESULT: PASS   | SENTIMENT:   0.0 | REASON: All Gates Cleared
[2026-03-25 08:39:56] TICKER: GLD    | RESULT: PASS   | SENTIMENT:   0.0 | REASON: All Gates Cleared
[2026-03-25 08:39:56] TICKER: D05.SI | RESULT: PASS   | SENTIMENT:   0.0 | REASON: All Gates Cleared
[2026-03-25 08:39:57] TICKER: BDRY   | RESULT: PASS   | SENTIMENT:   0.0 | REASON: All Gates Cleared
[2026-03-25 08:39:57] TICKER: 8035.T | RESULT: PASS   | SENTIMENT:   0.0 | REASON: All Gates Cleared
[2026-03-25 08:39:57] TICKER: VALE   | RESULT: PASS   | SENTIMENT:   0.0 | REASON: All Gates Cleared
[2026-03-25 08:39:58] TICKER: XAUUSD | RESULT: PASS   | SENTIMENT:   0.0 | REASON: All Gates Cleared
[2026-03-25 08:39:58] TICKER: XAGUSD | RESULT: PASS   | SENTIMENT:   0.0 | REASON: All Gates Cleared
[2026-03-25 08:44:59] TICKER: TLT    | RESULT: PASS   | SENTIMENT:   0.0 | REASON: All Gates Cleared
[2026-03-25 08:44:59] TICKER: CCJ    | RESULT: PASS   | SENTIMENT:   0.0 | REASON: All Gates Cleared
[2026-03-25 08:45:00] TICKER: ZIM    | RESULT: PASS   | SENTIMENT:   0.0 | REASON: All Gates Cleared
[2026-03-25 08:45:00] TICKER: GLD    | RESULT: PASS   | SENTIMENT:   0.0 | REASON: All Gates Cleared
[2026-03-25 08:45:00] TICKER: D05.SI | RESULT: PASS   | SENTIMENT:   0.0 | REASON: All Gates Cleared
[2026-03-25 08:45:01] TICKER: BDRY   | RESULT: PASS   | SENTIMENT:   0.0 | REASON: All Gates Cleared
[2026-03-25 08:45:01] TICKER: 8035.T | RESULT: PASS   | SENTIMENT:   0.0 | REASON: All Gates Cleared
[2026-03-25 08:45:01] TICKER: VALE   | RESULT: PASS   | SENTIMENT:   0.0 | REASON: All Gates Cleared
[2026-03-25 08:45:01] TICKER: XAUUSD | RESULT: PASS   | SENTIMENT:   0.0 | REASON: All Gates Cleared
[2026-03-25 08:45:02] TICKER: XAGUSD | RESULT: PASS   | SENTIMENT:   0.0 | REASON: All Gates Cleared
[2026-03-25 08:50:03] TICKER: TLT    | RESULT: PASS   | SENTIMENT:   0.0 | REASON: All Gates Cleared
[2026-03-25 08:50:03] TICKER: CCJ    | RESULT: PASS   | SENTIMENT:   0.0 | REASON: All Gates Cleared
[2026-03-25 08:50:04] TICKER: ZIM    | RESULT: PASS   | SENTIMENT:   0.0 | REASON: All Gates Cleared
[2026-03-25 08:50:04] TICKER: GLD    | RESULT: PASS   | SENTIMENT:   0.0 | REASON: All Gates Cleared
[2026-03-25 08:50:04] TICKER: D05.SI | RESULT: PASS   | SENTIMENT:   0.0 | REASON: All Gates Cleared
[2026-03-25 08:50:05] TICKER: BDRY   | RESULT: PASS   | SENTIMENT:   0.0 | REASON: All Gates Cleared
[2026-03-25 08:50:05] TICKER: 8035.T | RESULT: PASS   | SENTIMENT:   0.0 | REASON: All Gates Cleared
[2026-03-25 08:50:05] TICKER: VALE   | RESULT: PASS   | SENTIMENT:   0.0 | REASON: All Gates Cleared
[2026-03-25 08:50:05] TICKER: XAUUSD | RESULT: PASS   | SENTIMENT:   0.0 | REASON: All Gates Cleared
[2026-03-25 08:50:06] TICKER: XAGUSD | RESULT: PASS   | SENTIMENT:   0.0 | REASON: All Gates Cleared
[2026-03-25 08:55:07] TICKER: TLT    | RESULT: PASS   | SENTIMENT:   0.0 | REASON: All Gates Cleared
[2026-03-25 08:55:07] TICKER: CCJ    | RESULT: PASS   | SENTIMENT:   0.0 | REASON: All Gates Cleared
[2026-03-25 08:55:07] TICKER: ZIM    | RESULT: PASS   | SENTIMENT:   0.0 | REASON: All Gates Cleared
[2026-03-25 08:55:08] TICKER: GLD    | RESULT: PASS   | SENTIMENT:   0.0 | REASON: All Gates Cleared
[2026-03-25 08:55:08] TICKER: D05.SI | RESULT: PASS   | SENTIMENT:   0.0 | REASON: All Gates Cleared
[2026-03-25 08:55:08] TICKER: BDRY   | RESULT: PASS   | SENTIMENT:   0.0 | REASON: All Gates Cleared
[2026-03-25 08:55:09] TICKER: 8035.T | RESULT: PASS   | SENTIMENT:   0.0 | REASON: All Gates Cleared
[2026-03-25 08:55:09] TICKER: VALE   | RESULT: PASS   | SENTIMENT:   0.0 | REASON: All Gates Cleared
[2026-03-25 08:55:09] TICKER: XAUUSD | RESULT: PASS   | SENTIMENT:   0.0 | REASON: All Gates Cleared
[2026-03-25 08:55:10] TICKER: XAGUSD | RESULT: PASS   | SENTIMENT:   0.0 | REASON: All Gates Cleared
[2026-03-25 09:00:11] TICKER: TLT    | RESULT: PASS   | SENTIMENT:   0.0 | REASON: All Gates Cleared
[2026-03-25 09:00:11] TICKER: CCJ    | RESULT: PASS   | SENTIMENT:   0.0 | REASON: All Gates Cleared
[2026-03-25 09:00:12] TICKER: ZIM    | RESULT: PASS   | SENTIMENT:   0.0 | REASON: All Gates Cleared
[2026-03-25 09:00:12] TICKER: GLD    | RESULT: PASS   | SENTIMENT:   0.0 | REASON: All Gates Cleared
[2026-03-25 09:00:13] TICKER: D05.SI | RESULT: PASS   | SENTIMENT:   0.0 | REASON: All Gates Cleared
[2026-03-25 09:00:13] TICKER: BDRY   | RESULT: PASS   | SENTIMENT:   0.0 | REASON: All Gates Cleared
[2026-03-25 09:00:13] TICKER: 8035.T | RESULT: PASS   | SENTIMENT:   0.0 | REASON: All Gates Cleared
[2026-03-25 09:00:14] TICKER: VALE   | RESULT: PASS   | SENTIMENT:   0.0 | REASON: All Gates Cleared
[2026-03-25 09:00:14] TICKER: XAUUSD | RESULT: PASS   | SENTIMENT:   0.0 | REASON: All Gates Cleared
[2026-03-25 09:00:14] TICKER: XAGUSD | RESULT: PASS   | SENTIMENT:   0.0 | REASON: All Gates Cleared
[2026-03-25 09:05:15] TICKER: TLT    | RESULT: PASS   | SENTIMENT:   0.0 | REASON: All Gates Cleared
[2026-03-25 09:05:16] TICKER: CCJ    | RESULT: PASS   | SENTIMENT:   0.0 | REASON: All Gates Cleared
[2026-03-25 09:05:16] TICKER: ZIM    | RESULT: PASS   | SENTIMENT:   0.0 | REASON: All Gates Cleared
[2026-03-25 09:05:16] TICKER: GLD    | RESULT: PASS   | SENTIMENT:   0.0 | REASON: All Gates Cleared
[2026-03-25 09:05:17] TICKER: D05.SI | RESULT: PASS   | SENTIMENT:   0.0 | REASON: All Gates Cleared
[2026-03-25 09:05:17] TICKER: BDRY   | RESULT: PASS   | SENTIMENT:   0.0 | REASON: All Gates Cleared
[2026-03-25 09:05:17] TICKER: 8035.T | RESULT: PASS   | SENTIMENT:   0.0 | REASON: All Gates Cleared
[2026-03-25 09:05:18] TICKER: VALE   | RESULT: PASS   | SENTIMENT:   0.0 | REASON: All Gates Cleared
[2026-03-25 09:05:18] TICKER: XAUUSD | RESULT: PASS   | SENTIMENT:   0.0 | REASON: All Gates Cleared
[2026-03-25 09:05:18] TICKER: XAGUSD | RESULT: PASS   | SENTIMENT:   0.0 | REASON: All Gates Cleared
[2026-03-25 09:10:19] TICKER: TLT    | RESULT: PASS   | SENTIMENT:   0.0 | REASON: All Gates Cleared
[2026-03-25 09:10:20] TICKER: CCJ    | RESULT: PASS   | SENTIMENT:   0.0 | REASON: All Gates Cleared
[2026-03-25 09:10:20] TICKER: ZIM    | RESULT: PASS   | SENTIMENT:   0.0 | REASON: All Gates Cleared
[2026-03-25 09:10:20] TICKER: GLD    | RESULT: PASS   | SENTIMENT:   0.0 | REASON: All Gates Cleared
[2026-03-25 09:10:21] TICKER: D05.SI | RESULT: PASS   | SENTIMENT:   0.0 | REASON: All Gates Cleared
[2026-03-25 09:10:21] TICKER: BDRY   | RESULT: PASS   | SENTIMENT:   0.0 | REASON: All Gates Cleared
[2026-03-25 09:10:21] TICKER: 8035.T | RESULT: PASS   | SENTIMENT:   0.0 | REASON: All Gates Cleared
[2026-03-25 09:10:22] TICKER: VALE   | RESULT: PASS   | SENTIMENT:   0.0 | REASON: All Gates Cleared
[2026-03-25 09:10:22] TICKER: XAUUSD | RESULT: PASS   | SENTIMENT:   0.0 | REASON: All Gates Cleared
[2026-03-25 09:10:22] TICKER: XAGUSD | RESULT: PASS   | SENTIMENT:   0.0 | REASON: All Gates Cleared
[2026-03-25 09:15:23] TICKER: TLT    | RESULT: PASS   | SENTIMENT:   0.0 | REASON: All Gates Cleared
[2026-03-25 09:15:24] TICKER: CCJ    | RESULT: PASS   | SENTIMENT:   0.0 | REASON: All Gates Cleared
[2026-03-25 09:15:24] TICKER: ZIM    | RESULT: PASS   | SENTIMENT:   0.0 | REASON: All Gates Cleared
[2026-03-25 09:15:24] TICKER: GLD    | RESULT: PASS   | SENTIMENT:   0.0 | REASON: All Gates Cleared
[2026-03-25 09:15:25] TICKER: D05.SI | RESULT: PASS   | SENTIMENT:   0.0 | REASON: All Gates Cleared
[2026-03-25 09:15:25] TICKER: BDRY   | RESULT: PASS   | SENTIMENT:   0.0 | REASON: All Gates Cleared
[2026-03-25 09:15:25] TICKER: 8035.T | RESULT: PASS   | SENTIMENT:   0.0 | REASON: All Gates Cleared
[2026-03-25 09:15:26] TICKER: VALE   | RESULT: PASS   | SENTIMENT:   0.0 | REASON: All Gates Cleared
[2026-03-25 09:15:26] TICKER: XAUUSD | RESULT: PASS   | SENTIMENT:   0.0 | REASON: All Gates Cleared
[2026-03-25 09:15:26] TICKER: XAGUSD | RESULT: PASS   | SENTIMENT:   0.0 | REASON: All Gates Cleared
[2026-03-25 09:20:27] TICKER: TLT    | RESULT: PASS   | SENTIMENT:   0.0 | REASON: All Gates Cleared
[2026-03-25 09:20:28] TICKER: CCJ    | RESULT: PASS   | SENTIMENT:   0.0 | REASON: All Gates Cleared
[2026-03-25 09:20:28] TICKER: ZIM    | RESULT: PASS   | SENTIMENT:   0.0 | REASON: All Gates Cleared
[2026-03-25 09:20:28] TICKER: GLD    | RESULT: PASS   | SENTIMENT:   0.0 | REASON: All Gates Cleared
[2026-03-25 09:20:29] TICKER: D05.SI | RESULT: PASS   | SENTIMENT:   0.0 | REASON: All Gates Cleared
[2026-03-25 09:20:29] TICKER: BDRY   | RESULT: PASS   | SENTIMENT:   0.0 | REASON: All Gates Cleared
[2026-03-25 09:20:29] TICKER: 8035.T | RESULT: PASS   | SENTIMENT:   0.0 | REASON: All Gates Cleared
[2026-03-25 09:20:30] TICKER: VALE   | RESULT: PASS   | SENTIMENT:   0.0 | REASON: All Gates Cleared
[2026-03-25 09:20:30] TICKER: XAUUSD | RESULT: PASS   | SENTIMENT:   0.0 | REASON: All Gates Cleared
[2026-03-25 09:20:30] TICKER: XAGUSD | RESULT: PASS   | SENTIMENT:   0.0 | REASON: All Gates Cleared
[2026-03-25 09:25:31] TICKER: TLT    | RESULT: PASS   | SENTIMENT:   0.0 | REASON: All Gates Cleared
[2026-03-25 09:25:32] TICKER: CCJ    | RESULT: PASS   | SENTIMENT:   0.0 | REASON: All Gates Cleared
[2026-03-25 09:25:32] TICKER: ZIM    | RESULT: PASS   | SENTIMENT:   0.0 | REASON: All Gates Cleared
[2026-03-25 09:25:32] TICKER: GLD    | RESULT: PASS   | SENTIMENT:   0.0 | REASON: All Gates Cleared
[2026-03-25 09:25:33] TICKER: D05.SI | RESULT: PASS   | SENTIMENT:   0.0 | REASON: All Gates Cleared
[2026-03-25 09:25:33] TICKER: BDRY   | RESULT: PASS   | SENTIMENT:   0.0 | REASON: All Gates Cleared
[2026-03-25 09:25:33] TICKER: 8035.T | RESULT: PASS   | SENTIMENT:   0.0 | REASON: All Gates Cleared
[2026-03-25 09:25:34] TICKER: VALE   | RESULT: PASS   | SENTIMENT:   0.0 | REASON: All Gates Cleared
[2026-03-25 09:25:34] TICKER: XAUUSD | RESULT: PASS   | SENTIMENT:   0.0 | REASON: All Gates Cleared
[2026-03-25 09:25:34] TICKER: XAGUSD | RESULT: PASS   | SENTIMENT:   0.0 | REASON: All Gates Cleared
[2026-03-25 09:30:35] TICKER: TLT    | RESULT: PASS   | SENTIMENT:   0.0 | REASON: All Gates Cleared
[2026-03-25 09:30:36] TICKER: CCJ    | RESULT: PASS   | SENTIMENT:   0.0 | REASON: All Gates Cleared
[2026-03-25 09:30:36] TICKER: ZIM    | RESULT: PASS   | SENTIMENT:   0.0 | REASON: All Gates Cleared
[2026-03-25 09:30:36] TICKER: GLD    | RESULT: PASS   | SENTIMENT:   0.0 | REASON: All Gates Cleared
[2026-03-25 09:30:37] TICKER: D05.SI | RESULT: PASS   | SENTIMENT:   0.0 | REASON: All Gates Cleared
[2026-03-25 09:30:37] TICKER: BDRY   | RESULT: PASS   | SENTIMENT:   0.0 | REASON: All Gates Cleared
[2026-03-25 09:30:37] TICKER: 8035.T | RESULT: PASS   | SENTIMENT:   0.0 | REASON: All Gates Cleared
[2026-03-25 09:30:38] TICKER: VALE   | RESULT: PASS   | SENTIMENT:   0.0 | REASON: All Gates Cleared
[2026-03-25 09:30:38] TICKER: XAUUSD | RESULT: PASS   | SENTIMENT:   0.0 | REASON: All Gates Cleared
[2026-03-25 09:30:38] TICKER: XAGUSD | RESULT: PASS   | SENTIMENT:   0.0 | REASON: All Gates Cleared
[2026-03-25 09:35:39] TICKER: TLT    | RESULT: PASS   | SENTIMENT:   0.0 | REASON: All Gates Cleared
[2026-03-25 09:35:40] TICKER: CCJ    | RESULT: PASS   | SENTIMENT:   0.0 | REASON: All Gates Cleared
[2026-03-25 09:35:40] TICKER: ZIM    | RESULT: PASS   | SENTIMENT:   0.0 | REASON: All Gates Cleared
[2026-03-25 09:35:41] TICKER: GLD    | RESULT: PASS   | SENTIMENT:   0.0 | REASON: All Gates Cleared
[2026-03-25 09:35:41] TICKER: D05.SI | RESULT: PASS   | SENTIMENT:   0.0 | REASON: All Gates Cleared
[2026-03-25 09:35:41] TICKER: BDRY   | RESULT: PASS   | SENTIMENT:   0.0 | REASON: All Gates Cleared
[2026-03-25 09:35:41] TICKER: 8035.T | RESULT: PASS   | SENTIMENT:   0.0 | REASON: All Gates Cleared
[2026-03-25 09:35:42] TICKER: VALE   | RESULT: PASS   | SENTIMENT:   0.0 | REASON: All Gates Cleared
[2026-03-25 09:35:42] TICKER: XAUUSD | RESULT: PASS   | SENTIMENT:   0.0 | REASON: All Gates Cleared
[2026-03-25 09:35:42] TICKER: XAGUSD | RESULT: PASS   | SENTIMENT:   0.0 | REASON: All Gates Cleared
[2026-03-25 09:40:43] TICKER: TLT    | RESULT: PASS   | SENTIMENT:   0.0 | REASON: All Gates Cleared
[2026-03-25 09:40:44] TICKER: CCJ    | RESULT: PASS   | SENTIMENT:   0.0 | REASON: All Gates Cleared
[2026-03-25 09:40:44] TICKER: ZIM    | RESULT: PASS   | SENTIMENT:   0.0 | REASON: All Gates Cleared
[2026-03-25 09:40:44] TICKER: GLD    | RESULT: PASS   | SENTIMENT:   0.0 | REASON: All Gates Cleared
[2026-03-25 09:40:45] TICKER: D05.SI | RESULT: PASS   | SENTIMENT:   0.0 | REASON: All Gates Cleared
[2026-03-25 09:40:45] TICKER: BDRY   | RESULT: PASS   | SENTIMENT:   0.0 | REASON: All Gates Cleared
[2026-03-25 09:40:45] TICKER: 8035.T | RESULT: PASS   | SENTIMENT:   0.0 | REASON: All Gates Cleared
[2026-03-25 09:40:46] TICKER: VALE   | RESULT: PASS   | SENTIMENT:   0.0 | REASON: All Gates Cleared
[2026-03-25 09:40:46] TICKER: XAUUSD | RESULT: PASS   | SENTIMENT:   0.0 | REASON: All Gates Cleared
[2026-03-25 09:40:46] TICKER: XAGUSD | RESULT: PASS   | SENTIMENT:   0.0 | REASON: All Gates Cleared
[2026-03-25 09:45:47] TICKER: TLT    | RESULT: PASS   | SENTIMENT:   0.0 | REASON: All Gates Cleared
[2026-03-25 09:45:48] TICKER: CCJ    | RESULT: PASS   | SENTIMENT:   0.0 | REASON: All Gates Cleared
[2026-03-25 09:45:48] TICKER: ZIM    | RESULT: PASS   | SENTIMENT:   0.0 | REASON: All Gates Cleared
[2026-03-25 09:45:48] TICKER: GLD    | RESULT: PASS   | SENTIMENT:   0.0 | REASON: All Gates Cleared
[2026-03-25 09:45:49] TICKER: D05.SI | RESULT: PASS   | SENTIMENT:   0.0 | REASON: All Gates Cleared
[2026-03-25 09:45:49] TICKER: BDRY   | RESULT: PASS   | SENTIMENT:   0.0 | REASON: All Gates Cleared
[2026-03-25 09:45:49] TICKER: 8035.T | RESULT: PASS   | SENTIMENT:   0.0 | REASON: All Gates Cleared
[2026-03-25 09:45:50] TICKER: VALE   | RESULT: PASS   | SENTIMENT:   0.0 | REASON: All Gates Cleared
[2026-03-25 09:45:50] TICKER: XAUUSD | RESULT: PASS   | SENTIMENT:   0.0 | REASON: All Gates Cleared
[2026-03-25 09:45:50] TICKER: XAGUSD | RESULT: PASS   | SENTIMENT:   0.0 | REASON: All Gates Cleared
[2026-03-25 09:50:51] TICKER: TLT    | RESULT: PASS   | SENTIMENT:   0.0 | REASON: All Gates Cleared
[2026-03-25 09:50:52] TICKER: CCJ    | RESULT: PASS   | SENTIMENT:   0.0 | REASON: All Gates Cleared
[2026-03-25 09:50:52] TICKER: ZIM    | RESULT: PASS   | SENTIMENT:   0.0 | REASON: All Gates Cleared
[2026-03-25 09:50:52] TICKER: GLD    | RESULT: PASS   | SENTIMENT:   0.0 | REASON: All Gates Cleared
[2026-03-25 09:50:53] TICKER: D05.SI | RESULT: PASS   | SENTIMENT:   0.0 | REASON: All Gates Cleared
[2026-03-25 09:50:53] TICKER: BDRY   | RESULT: PASS   | SENTIMENT:   0.0 | REASON: All Gates Cleared
[2026-03-25 09:50:53] TICKER: 8035.T | RESULT: PASS   | SENTIMENT:   0.0 | REASON: All Gates Cleared
[2026-03-25 09:50:54] TICKER: VALE   | RESULT: PASS   | SENTIMENT:   0.0 | REASON: All Gates Cleared
[2026-03-25 09:50:54] TICKER: XAUUSD | RESULT: PASS   | SENTIMENT:   0.0 | REASON: All Gates Cleared
[2026-03-25 09:50:54] TICKER: XAGUSD | RESULT: PASS   | SENTIMENT:   0.0 | REASON: All Gates Cleared
[2026-03-25 09:55:55] TICKER: TLT    | RESULT: PASS   | SENTIMENT:   0.0 | REASON: All Gates Cleared
[2026-03-25 09:55:56] TICKER: CCJ    | RESULT: PASS   | SENTIMENT:   0.0 | REASON: All Gates Cleared
[2026-03-25 09:55:56] TICKER: ZIM    | RESULT: PASS   | SENTIMENT:   0.0 | REASON: All Gates Cleared
[2026-03-25 09:55:56] TICKER: GLD    | RESULT: PASS   | SENTIMENT:   0.0 | REASON: All Gates Cleared
[2026-03-25 09:55:57] TICKER: D05.SI | RESULT: PASS   | SENTIMENT:   0.0 | REASON: All Gates Cleared
[2026-03-25 09:55:57] TICKER: BDRY   | RESULT: PASS   | SENTIMENT:   0.0 | REASON: All Gates Cleared
[2026-03-25 09:55:57] TICKER: 8035.T | RESULT: PASS   | SENTIMENT:   0.0 | REASON: All Gates Cleared
[2026-03-25 09:55:58] TICKER: VALE   | RESULT: PASS   | SENTIMENT:   0.0 | REASON: All Gates Cleared
[2026-03-25 09:55:58] TICKER: XAUUSD | RESULT: PASS   | SENTIMENT:   0.0 | REASON: All Gates Cleared
[2026-03-25 09:55:58] TICKER: XAGUSD | RESULT: PASS   | SENTIMENT:   0.0 | REASON: All Gates Cleared
[2026-03-25 10:00:59] TICKER: TLT    | RESULT: PASS   | SENTIMENT:   0.0 | REASON: All Gates Cleared
[2026-03-25 10:01:00] TICKER: CCJ    | RESULT: PASS   | SENTIMENT:   0.0 | REASON: All Gates Cleared
[2026-03-25 10:01:00] TICKER: ZIM    | RESULT: PASS   | SENTIMENT:   0.0 | REASON: All Gates Cleared
[2026-03-25 10:01:00] TICKER: GLD    | RESULT: PASS   | SENTIMENT:   0.0 | REASON: All Gates Cleared
[2026-03-25 10:01:01] TICKER: D05.SI | RESULT: PASS   | SENTIMENT:   0.0 | REASON: All Gates Cleared
[2026-03-25 10:01:01] TICKER: BDRY   | RESULT: PASS   | SENTIMENT:   0.0 | REASON: All Gates Cleared
[2026-03-25 10:01:01] TICKER: 8035.T | RESULT: PASS   | SENTIMENT:   0.0 | REASON: All Gates Cleared
[2026-03-25 10:01:02] TICKER: VALE   | RESULT: PASS   | SENTIMENT:   0.0 | REASON: All Gates Cleared
[2026-03-25 10:01:02] TICKER: XAUUSD | RESULT: PASS   | SENTIMENT:   0.0 | REASON: All Gates Cleared
[2026-03-25 10:01:02] TICKER: XAGUSD | RESULT: PASS   | SENTIMENT:   0.0 | REASON: All Gates Cleared
[2026-03-25 10:06:03] TICKER: TLT    | RESULT: PASS   | SENTIMENT:   0.0 | REASON: All Gates Cleared
[2026-03-25 10:06:04] TICKER: CCJ    | RESULT: PASS   | SENTIMENT:   0.0 | REASON: All Gates Cleared
[2026-03-25 10:06:04] TICKER: ZIM    | RESULT: PASS   | SENTIMENT:   0.0 | REASON: All Gates Cleared
[2026-03-25 10:06:04] TICKER: GLD    | RESULT: PASS   | SENTIMENT:   0.0 | REASON: All Gates Cleared
[2026-03-25 10:06:05] TICKER: D05.SI | RESULT: PASS   | SENTIMENT:   0.0 | REASON: All Gates Cleared
[2026-03-25 10:06:05] TICKER: BDRY   | RESULT: PASS   | SENTIMENT:   0.0 | REASON: All Gates Cleared
[2026-03-25 10:06:05] TICKER: 8035.T | RESULT: PASS   | SENTIMENT:   0.0 | REASON: All Gates Cleared
[2026-03-25 10:06:06] TICKER: VALE   | RESULT: PASS   | SENTIMENT:   0.0 | REASON: All Gates Cleared
[2026-03-25 10:06:06] TICKER: XAUUSD | RESULT: PASS   | SENTIMENT:   0.0 | REASON: All Gates Cleared
[2026-03-25 10:06:06] TICKER: XAGUSD | RESULT: PASS   | SENTIMENT:   0.0 | REASON: All Gates Cleared
[2026-03-25 10:11:07] TICKER: TLT    | RESULT: PASS   | SENTIMENT:   0.0 | REASON: All Gates Cleared
[2026-03-25 10:11:07] TICKER: CCJ    | RESULT: PASS   | SENTIMENT:   0.0 | REASON: All Gates Cleared
[2026-03-25 10:11:08] TICKER: ZIM    | RESULT: PASS   | SENTIMENT:   0.0 | REASON: All Gates Cleared
[2026-03-25 10:11:08] TICKER: GLD    | RESULT: PASS   | SENTIMENT:   0.0 | REASON: All Gates Cleared
[2026-03-25 10:11:08] TICKER: D05.SI | RESULT: PASS   | SENTIMENT:   0.0 | REASON: All Gates Cleared
[2026-03-25 10:11:09] TICKER: BDRY   | RESULT: PASS   | SENTIMENT:   0.0 | REASON: All Gates Cleared
[2026-03-25 10:11:09] TICKER: 8035.T | RESULT: PASS   | SENTIMENT:   0.0 | REASON: All Gates Cleared
[2026-03-25 10:11:09] TICKER: VALE   | RESULT: PASS   | SENTIMENT:   0.0 | REASON: All Gates Cleared
[2026-03-25 10:11:10] TICKER: XAUUSD | RESULT: PASS   | SENTIMENT:   0.0 | REASON: All Gates Cleared
[2026-03-25 10:11:10] TICKER: XAGUSD | RESULT: PASS   | SENTIMENT:   0.0 | REASON: All Gates Cleared
[2026-03-25 10:16:11] TICKER: TLT    | RESULT: PASS   | SENTIMENT:   0.0 | REASON: All Gates Cleared
[2026-03-25 10:16:11] TICKER: CCJ    | RESULT: PASS   | SENTIMENT:   0.0 | REASON: All Gates Cleared
[2026-03-25 10:16:12] TICKER: ZIM    | RESULT: PASS   | SENTIMENT:   0.0 | REASON: All Gates Cleared
[2026-03-25 10:16:12] TICKER: GLD    | RESULT: PASS   | SENTIMENT:   0.0 | REASON: All Gates Cleared
[2026-03-25 10:16:12] TICKER: D05.SI | RESULT: PASS   | SENTIMENT:   0.0 | REASON: All Gates Cleared
[2026-03-25 10:16:13] TICKER: BDRY   | RESULT: PASS   | SENTIMENT:   0.0 | REASON: All Gates Cleared
[2026-03-25 10:16:13] TICKER: 8035.T | RESULT: PASS   | SENTIMENT:   0.0 | REASON: All Gates Cleared
[2026-03-25 10:16:13] TICKER: VALE   | RESULT: PASS   | SENTIMENT:   0.0 | REASON: All Gates Cleared
[2026-03-25 10:16:14] TICKER: XAUUSD | RESULT: PASS   | SENTIMENT:   0.0 | REASON: All Gates Cleared
[2026-03-25 10:16:14] TICKER: XAGUSD | RESULT: PASS   | SENTIMENT:   0.0 | REASON: All Gates Cleared
[2026-03-25 10:21:15] TICKER: TLT    | RESULT: PASS   | SENTIMENT:   0.0 | REASON: All Gates Cleared
[2026-03-25 10:21:15] TICKER: CCJ    | RESULT: PASS   | SENTIMENT:   0.0 | REASON: All Gates Cleared
[2026-03-25 10:21:16] TICKER: ZIM    | RESULT: PASS   | SENTIMENT:   0.0 | REASON: All Gates Cleared
[2026-03-25 10:21:16] TICKER: GLD    | RESULT: PASS   | SENTIMENT:   0.0 | REASON: All Gates Cleared
[2026-03-25 10:21:16] TICKER: D05.SI | RESULT: PASS   | SENTIMENT:   0.0 | REASON: All Gates Cleared
[2026-03-25 10:21:17] TICKER: BDRY   | RESULT: PASS   | SENTIMENT:   0.0 | REASON: All Gates Cleared
[2026-03-25 10:21:17] TICKER: 8035.T | RESULT: PASS   | SENTIMENT:   0.0 | REASON: All Gates Cleared
[2026-03-25 10:21:17] TICKER: VALE   | RESULT: PASS   | SENTIMENT:   0.0 | REASON: All Gates Cleared
[2026-03-25 10:21:17] TICKER: XAUUSD | RESULT: PASS   | SENTIMENT:   0.0 | REASON: All Gates Cleared
[2026-03-25 10:21:18] TICKER: XAGUSD | RESULT: PASS   | SENTIMENT:   0.0 | REASON: All Gates Cleared
[2026-03-25 22:42:12] TICKER: TLT    | RESULT: PASS   | SENTIMENT:   0.0 | REASON: All Gates Cleared
[2026-03-25 22:42:12] TICKER: CCJ    | RESULT: PASS   | SENTIMENT:   0.0 | REASON: All Gates Cleared
[2026-03-25 22:42:13] TICKER: ZIM    | RESULT: PASS   | SENTIMENT:   0.0 | REASON: All Gates Cleared
[2026-03-25 22:42:13] TICKER: GLD    | RESULT: PASS   | SENTIMENT:   0.0 | REASON: All Gates Cleared
[2026-03-25 22:42:13] TICKER: D05.SI | RESULT: PASS   | SENTIMENT:   0.0 | REASON: All Gates Cleared
[2026-03-25 22:42:14] TICKER: BDRY   | RESULT: PASS   | SENTIMENT:   0.0 | REASON: All Gates Cleared
[2026-03-25 22:42:14] TICKER: 8035.T | RESULT: PASS   | SENTIMENT:   0.0 | REASON: All Gates Cleared
[2026-03-25 22:42:14] TICKER: VALE   | RESULT: PASS   | SENTIMENT:   0.0 | REASON: All Gates Cleared
[2026-03-25 22:42:15] TICKER: XAUUSD | RESULT: PASS   | SENTIMENT:   0.0 | REASON: All Gates Cleared
[2026-03-25 22:42:15] TICKER: XAGUSD | RESULT: PASS   | SENTIMENT:   0.0 | REASON: All Gates Cleared
[2026-03-25 22:47:16] TICKER: TLT    | RESULT: PASS   | SENTIMENT:   0.0 | REASON: All Gates Cleared
[2026-03-25 22:47:16] TICKER: CCJ    | RESULT: PASS   | SENTIMENT:   0.0 | REASON: All Gates Cleared
[2026-03-25 22:47:17] TICKER: ZIM    | RESULT: PASS   | SENTIMENT:   0.0 | REASON: All Gates Cleared
[2026-03-25 22:47:17] TICKER: GLD    | RESULT: PASS   | SENTIMENT:   0.0 | REASON: All Gates Cleared
[2026-03-25 22:47:17] TICKER: D05.SI | RESULT: PASS   | SENTIMENT:   0.0 | REASON: All Gates Cleared
[2026-03-25 22:47:18] TICKER: BDRY   | RESULT: PASS   | SENTIMENT:   0.0 | REASON: All Gates Cleared
[2026-03-25 22:47:18] TICKER: 8035.T | RESULT: PASS   | SENTIMENT:   0.0 | REASON: All Gates Cleared
[2026-03-25 22:47:18] TICKER: VALE   | RESULT: PASS   | SENTIMENT:   0.0 | REASON: All Gates Cleared
[2026-03-25 22:47:18] TICKER: XAUUSD | RESULT: PASS   | SENTIMENT:   0.0 | REASON: All Gates Cleared
[2026-03-25 22:47:19] TICKER: XAGUSD | RESULT: PASS   | SENTIMENT:   0.0 | REASON: All Gates Cleared
[2026-03-25 22:52:20] TICKER: TLT    | RESULT: PASS   | SENTIMENT:   0.0 | REASON: All Gates Cleared
[2026-03-25 22:52:20] TICKER: CCJ    | RESULT: PASS   | SENTIMENT:   0.0 | REASON: All Gates Cleared
[2026-03-25 22:52:20] TICKER: ZIM    | RESULT: PASS   | SENTIMENT:   0.0 | REASON: All Gates Cleared
[2026-03-25 22:52:21] TICKER: GLD    | RESULT: PASS   | SENTIMENT:   0.0 | REASON: All Gates Cleared
[2026-03-25 22:52:21] TICKER: D05.SI | RESULT: PASS   | SENTIMENT:   0.0 | REASON: All Gates Cleared
[2026-03-25 22:52:21] TICKER: BDRY   | RESULT: PASS   | SENTIMENT:   0.0 | REASON: All Gates Cleared
[2026-03-25 22:52:22] TICKER: 8035.T | RESULT: PASS   | SENTIMENT:   0.0 | REASON: All Gates Cleared
[2026-03-25 22:52:22] TICKER: VALE   | RESULT: PASS   | SENTIMENT:   0.0 | REASON: All Gates Cleared
[2026-03-25 22:52:22] TICKER: XAUUSD | RESULT: PASS   | SENTIMENT:   0.0 | REASON: All Gates Cleared
[2026-03-25 22:52:23] TICKER: XAGUSD | RESULT: PASS   | SENTIMENT:   0.0 | REASON: All Gates Cleared
[2026-03-25 22:57:24] TICKER: TLT    | RESULT: PASS   | SENTIMENT:   0.0 | REASON: All Gates Cleared
[2026-03-25 22:57:24] TICKER: CCJ    | RESULT: PASS   | SENTIMENT:   0.0 | REASON: All Gates Cleared
[2026-03-25 22:57:24] TICKER: ZIM    | RESULT: PASS   | SENTIMENT:   0.0 | REASON: All Gates Cleared
[2026-03-25 22:57:25] TICKER: GLD    | RESULT: PASS   | SENTIMENT:   0.0 | REASON: All Gates Cleared
[2026-03-25 22:57:25] TICKER: D05.SI | RESULT: PASS   | SENTIMENT:   0.0 | REASON: All Gates Cleared
[2026-03-25 22:57:25] TICKER: BDRY   | RESULT: PASS   | SENTIMENT:   0.0 | REASON: All Gates Cleared
[2026-03-25 22:57:26] TICKER: 8035.T | RESULT: PASS   | SENTIMENT:   0.0 | REASON: All Gates Cleared
[2026-03-25 22:57:26] TICKER: VALE   | RESULT: PASS   | SENTIMENT:   0.0 | REASON: All Gates Cleared
[2026-03-25 22:57:26] TICKER: XAUUSD | RESULT: PASS   | SENTIMENT:   0.0 | REASON: All Gates Cleared
[2026-03-25 22:57:27] TICKER: XAGUSD | RESULT: PASS   | SENTIMENT:   0.0 | REASON: All Gates Cleared
[2026-03-25 23:02:28] TICKER: TLT    | RESULT: PASS   | SENTIMENT:   0.0 | REASON: All Gates Cleared
[2026-03-25 23:02:28] TICKER: CCJ    | RESULT: PASS   | SENTIMENT:   0.0 | REASON: All Gates Cleared
[2026-03-25 23:02:28] TICKER: ZIM    | RESULT: PASS   | SENTIMENT:   0.0 | REASON: All Gates Cleared
[2026-03-25 23:02:29] TICKER: GLD    | RESULT: PASS   | SENTIMENT:   0.0 | REASON: All Gates Cleared
[2026-03-25 23:02:29] TICKER: D05.SI | RESULT: PASS   | SENTIMENT:   0.0 | REASON: All Gates Cleared
[2026-03-25 23:02:29] TICKER: BDRY   | RESULT: PASS   | SENTIMENT:   0.0 | REASON: All Gates Cleared
[2026-03-25 23:02:30] TICKER: 8035.T | RESULT: PASS   | SENTIMENT:   0.0 | REASON: All Gates Cleared
[2026-03-25 23:02:30] TICKER: VALE   | RESULT: PASS   | SENTIMENT:   0.0 | REASON: All Gates Cleared
[2026-03-25 23:02:30] TICKER: XAUUSD | RESULT: PASS   | SENTIMENT:   0.0 | REASON: All Gates Cleared
[2026-03-25 23:02:30] TICKER: XAGUSD | RESULT: PASS   | SENTIMENT:   0.0 | REASON: All Gates Cleared
[2026-03-25 23:07:31] TICKER: TLT    | RESULT: PASS   | SENTIMENT:   0.0 | REASON: All Gates Cleared
[2026-03-25 23:07:32] TICKER: CCJ    | RESULT: PASS   | SENTIMENT:   0.0 | REASON: All Gates Cleared
[2026-03-25 23:07:32] TICKER: ZIM    | RESULT: PASS   | SENTIMENT:   0.0 | REASON: All Gates Cleared
[2026-03-25 23:07:33] TICKER: GLD    | RESULT: PASS   | SENTIMENT:   0.0 | REASON: All Gates Cleared
[2026-03-25 23:07:33] TICKER: D05.SI | RESULT: PASS   | SENTIMENT:   0.0 | REASON: All Gates Cleared
[2026-03-25 23:07:33] TICKER: BDRY   | RESULT: PASS   | SENTIMENT:   0.0 | REASON: All Gates Cleared
[2026-03-25 23:07:33] TICKER: 8035.T | RESULT: PASS   | SENTIMENT:   0.0 | REASON: All Gates Cleared
[2026-03-25 23:07:34] TICKER: VALE   | RESULT: PASS   | SENTIMENT:   0.0 | REASON: All Gates Cleared
[2026-03-25 23:07:34] TICKER: XAUUSD | RESULT: PASS   | SENTIMENT:   0.0 | REASON: All Gates Cleared
[2026-03-25 23:07:34] TICKER: XAGUSD | RESULT: PASS   | SENTIMENT:   0.0 | REASON: All Gates Cleared
[2026-03-25 23:12:35] TICKER: TLT    | RESULT: PASS   | SENTIMENT:   0.0 | REASON: All Gates Cleared
[2026-03-25 23:12:36] TICKER: CCJ    | RESULT: PASS   | SENTIMENT:   0.0 | REASON: All Gates Cleared
[2026-03-25 23:12:36] TICKER: ZIM    | RESULT: PASS   | SENTIMENT:   0.0 | REASON: All Gates Cleared
[2026-03-25 23:12:36] TICKER: GLD    | RESULT: PASS   | SENTIMENT:   0.0 | REASON: All Gates Cleared
[2026-03-25 23:12:37] TICKER: D05.SI | RESULT: PASS   | SENTIMENT:   0.0 | REASON: All Gates Cleared
[2026-03-25 23:12:37] TICKER: BDRY   | RESULT: PASS   | SENTIMENT:   0.0 | REASON: All Gates Cleared
[2026-03-25 23:12:37] TICKER: 8035.T | RESULT: PASS   | SENTIMENT:   0.0 | REASON: All Gates Cleared
[2026-03-25 23:12:38] TICKER: VALE   | RESULT: PASS   | SENTIMENT:   0.0 | REASON: All Gates Cleared
[2026-03-25 23:12:38] TICKER: XAUUSD | RESULT: PASS   | SENTIMENT:   0.0 | REASON: All Gates Cleared
[2026-03-25 23:12:38] TICKER: XAGUSD | RESULT: PASS   | SENTIMENT:   0.0 | REASON: All Gates Cleared
[2026-03-25 23:17:39] TICKER: TLT    | RESULT: PASS   | SENTIMENT:   0.0 | REASON: All Gates Cleared
[2026-03-25 23:17:40] TICKER: CCJ    | RESULT: PASS   | SENTIMENT:   0.0 | REASON: All Gates Cleared
[2026-03-25 23:17:40] TICKER: ZIM    | RESULT: PASS   | SENTIMENT:   0.0 | REASON: All Gates Cleared
[2026-03-25 23:17:40] TICKER: GLD    | RESULT: PASS   | SENTIMENT:   0.0 | REASON: All Gates Cleared
[2026-03-25 23:17:41] TICKER: D05.SI | RESULT: PASS   | SENTIMENT:   0.0 | REASON: All Gates Cleared
[2026-03-25 23:17:41] TICKER: BDRY   | RESULT: PASS   | SENTIMENT:   0.0 | REASON: All Gates Cleared
[2026-03-25 23:17:41] TICKER: 8035.T | RESULT: PASS   | SENTIMENT:   0.0 | REASON: All Gates Cleared
[2026-03-25 23:17:42] TICKER: VALE   | RESULT: PASS   | SENTIMENT:   0.0 | REASON: All Gates Cleared
[2026-03-25 23:17:42] TICKER: XAUUSD | RESULT: PASS   | SENTIMENT:   0.0 | REASON: All Gates Cleared
[2026-03-25 23:17:42] TICKER: XAGUSD | RESULT: PASS   | SENTIMENT:   0.0 | REASON: All Gates Cleared
[2026-03-25 23:22:43] TICKER: TLT    | RESULT: PASS   | SENTIMENT:   0.0 | REASON: All Gates Cleared
[2026-03-25 23:22:43] TICKER: CCJ    | RESULT: PASS   | SENTIMENT:   0.0 | REASON: All Gates Cleared
[2026-03-25 23:22:44] TICKER: ZIM    | RESULT: PASS   | SENTIMENT:   0.0 | REASON: All Gates Cleared
[2026-03-25 23:22:44] TICKER: GLD    | RESULT: PASS   | SENTIMENT:   0.0 | REASON: All Gates Cleared
[2026-03-25 23:22:44] TICKER: D05.SI | RESULT: PASS   | SENTIMENT:   0.0 | REASON: All Gates Cleared
[2026-03-25 23:22:45] TICKER: BDRY   | RESULT: PASS   | SENTIMENT:   0.0 | REASON: All Gates Cleared
[2026-03-25 23:22:45] TICKER: 8035.T | RESULT: PASS   | SENTIMENT:   0.0 | REASON: All Gates Cleared
[2026-03-25 23:22:45] TICKER: VALE   | RESULT: PASS   | SENTIMENT:   0.0 | REASON: All Gates Cleared
[2026-03-25 23:22:46] TICKER: XAUUSD | RESULT: PASS   | SENTIMENT:   0.0 | REASON: All Gates Cleared
[2026-03-25 23:22:46] TICKER: XAGUSD | RESULT: PASS   | SENTIMENT:   0.0 | REASON: All Gates Cleared
[2026-03-25 23:27:47] TICKER: TLT    | RESULT: PASS   | SENTIMENT:   0.0 | REASON: All Gates Cleared
[2026-03-25 23:27:47] TICKER: CCJ    | RESULT: PASS   | SENTIMENT:   0.0 | REASON: All Gates Cleared
[2026-03-25 23:27:48] TICKER: ZIM    | RESULT: PASS   | SENTIMENT:   0.0 | REASON: All Gates Cleared
[2026-03-25 23:27:48] TICKER: GLD    | RESULT: PASS   | SENTIMENT:   0.0 | REASON: All Gates Cleared
[2026-03-25 23:27:48] TICKER: D05.SI | RESULT: PASS   | SENTIMENT:   0.0 | REASON: All Gates Cleared
[2026-03-25 23:27:49] TICKER: BDRY   | RESULT: PASS   | SENTIMENT:   0.0 | REASON: All Gates Cleared
[2026-03-25 23:27:49] TICKER: 8035.T | RESULT: PASS   | SENTIMENT:   0.0 | REASON: All Gates Cleared
[2026-03-25 23:27:49] TICKER: VALE   | RESULT: PASS   | SENTIMENT:   0.0 | REASON: All Gates Cleared
[2026-03-25 23:27:50] TICKER: XAUUSD | RESULT: PASS   | SENTIMENT:   0.0 | REASON: All Gates Cleared
[2026-03-25 23:27:50] TICKER: XAGUSD | RESULT: PASS   | SENTIMENT:   0.0 | REASON: All Gates Cleared
[2026-03-25 23:32:51] TICKER: TLT    | RESULT: PASS   | SENTIMENT:   0.0 | REASON: All Gates Cleared
[2026-03-25 23:32:51] TICKER: CCJ    | RESULT: PASS   | SENTIMENT:   0.0 | REASON: All Gates Cleared
[2026-03-25 23:32:52] TICKER: ZIM    | RESULT: PASS   | SENTIMENT:   0.0 | REASON: All Gates Cleared
[2026-03-25 23:32:52] TICKER: GLD    | RESULT: PASS   | SENTIMENT:   0.0 | REASON: All Gates Cleared
[2026-03-25 23:32:52] TICKER: D05.SI | RESULT: PASS   | SENTIMENT:   0.0 | REASON: All Gates Cleared
[2026-03-25 23:32:53] TICKER: BDRY   | RESULT: PASS   | SENTIMENT:   0.0 | REASON: All Gates Cleared
[2026-03-25 23:32:53] TICKER: 8035.T | RESULT: PASS   | SENTIMENT:   0.0 | REASON: All Gates Cleared
[2026-03-25 23:32:53] TICKER: VALE   | RESULT: PASS   | SENTIMENT:   0.0 | REASON: All Gates Cleared
[2026-03-25 23:32:53] TICKER: XAUUSD | RESULT: PASS   | SENTIMENT:   0.0 | REASON: All Gates Cleared
[2026-03-25 23:32:54] TICKER: XAGUSD | RESULT: PASS   | SENTIMENT:   0.0 | REASON: All Gates Cleared
[2026-03-26 03:19:29] TICKER: TLT    | RESULT: PASS   | SENTIMENT:   0.0 | REASON: All Gates Cleared
[2026-03-26 03:19:30] TICKER: CCJ    | RESULT: PASS   | SENTIMENT:   0.0 | REASON: All Gates Cleared
[2026-03-26 03:19:30] TICKER: ZIM    | RESULT: PASS   | SENTIMENT:   0.0 | REASON: All Gates Cleared
[2026-03-26 03:19:31] TICKER: GLD    | RESULT: PASS   | SENTIMENT:   0.0 | REASON: All Gates Cleared
[2026-03-26 03:19:31] TICKER: D05.SI | RESULT: PASS   | SENTIMENT:   0.0 | REASON: All Gates Cleared
[2026-03-26 03:19:32] TICKER: BDRY   | RESULT: PASS   | SENTIMENT:   0.0 | REASON: All Gates Cleared
[2026-03-26 03:19:32] TICKER: 8035.T | RESULT: PASS   | SENTIMENT:   0.0 | REASON: All Gates Cleared
[2026-03-26 03:19:32] TICKER: VALE   | RESULT: PASS   | SENTIMENT:   0.0 | REASON: All Gates Cleared
[2026-03-26 03:19:33] TICKER: XAUUSD | RESULT: PASS   | SENTIMENT:   0.0 | REASON: All Gates Cleared
[2026-03-26 03:19:33] TICKER: XAGUSD | RESULT: PASS   | SENTIMENT:   0.0 | REASON: All Gates Cleared
[2026-03-26 03:24:34] TICKER: TLT    | RESULT: PASS   | SENTIMENT:   0.0 | REASON: All Gates Cleared
[2026-03-26 03:24:34] TICKER: CCJ    | RESULT: PASS   | SENTIMENT:   0.0 | REASON: All Gates Cleared
[2026-03-26 03:24:35] TICKER: ZIM    | RESULT: PASS   | SENTIMENT:   0.0 | REASON: All Gates Cleared
[2026-03-26 03:24:35] TICKER: GLD    | RESULT: PASS   | SENTIMENT:   0.0 | REASON: All Gates Cleared
[2026-03-26 03:24:35] TICKER: D05.SI | RESULT: PASS   | SENTIMENT:   0.0 | REASON: All Gates Cleared
[2026-03-26 03:24:36] TICKER: BDRY   | RESULT: PASS   | SENTIMENT:   0.0 | REASON: All Gates Cleared
[2026-03-26 03:24:36] TICKER: 8035.T | RESULT: PASS   | SENTIMENT:   0.0 | REASON: All Gates Cleared
[2026-03-26 03:24:36] TICKER: VALE   | RESULT: PASS   | SENTIMENT:   0.0 | REASON: All Gates Cleared
[2026-03-26 03:24:37] TICKER: XAUUSD | RESULT: PASS   | SENTIMENT:   0.0 | REASON: All Gates Cleared
[2026-03-26 03:24:37] TICKER: XAGUSD | RESULT: PASS   | SENTIMENT:   0.0 | REASON: All Gates Cleared
[2026-03-26 03:29:38] TICKER: TLT    | RESULT: PASS   | SENTIMENT:   0.0 | REASON: All Gates Cleared
[2026-03-26 03:29:38] TICKER: CCJ    | RESULT: PASS   | SENTIMENT:   0.0 | REASON: All Gates Cleared
[2026-03-26 03:29:39] TICKER: ZIM    | RESULT: PASS   | SENTIMENT:   0.0 | REASON: All Gates Cleared
[2026-03-26 03:29:39] TICKER: GLD    | RESULT: PASS   | SENTIMENT:   0.0 | REASON: All Gates Cleared
[2026-03-26 03:29:39] TICKER: D05.SI | RESULT: PASS   | SENTIMENT:   0.0 | REASON: All Gates Cleared
[2026-03-26 03:29:40] TICKER: BDRY   | RESULT: PASS   | SENTIMENT:   0.0 | REASON: All Gates Cleared
[2026-03-26 03:29:40] TICKER: 8035.T | RESULT: PASS   | SENTIMENT:   0.0 | REASON: All Gates Cleared
[2026-03-26 03:29:40] TICKER: VALE   | RESULT: PASS   | SENTIMENT:   0.0 | REASON: All Gates Cleared
[2026-03-26 03:29:41] TICKER: XAUUSD | RESULT: PASS   | SENTIMENT:   0.0 | REASON: All Gates Cleared
[2026-03-26 03:29:41] TICKER: XAGUSD | RESULT: PASS   | SENTIMENT:   0.0 | REASON: All Gates Cleared
[2026-03-26 03:34:42] TICKER: TLT    | RESULT: PASS   | SENTIMENT:   0.0 | REASON: All Gates Cleared
[2026-03-26 03:34:42] TICKER: CCJ    | RESULT: PASS   | SENTIMENT:   0.0 | REASON: All Gates Cleared
[2026-03-26 03:34:42] TICKER: ZIM    | RESULT: PASS   | SENTIMENT:   0.0 | REASON: All Gates Cleared
[2026-03-26 03:34:43] TICKER: GLD    | RESULT: PASS   | SENTIMENT:   0.0 | REASON: All Gates Cleared
[2026-03-26 03:34:43] TICKER: D05.SI | RESULT: PASS   | SENTIMENT:   0.0 | REASON: All Gates Cleared
[2026-03-26 03:34:43] TICKER: BDRY   | RESULT: PASS   | SENTIMENT:   0.0 | REASON: All Gates Cleared
[2026-03-26 03:34:44] TICKER: 8035.T | RESULT: PASS   | SENTIMENT:   0.0 | REASON: All Gates Cleared
[2026-03-26 03:34:44] TICKER: VALE   | RESULT: PASS   | SENTIMENT:   0.0 | REASON: All Gates Cleared
[2026-03-26 03:34:44] TICKER: XAUUSD | RESULT: PASS   | SENTIMENT:   0.0 | REASON: All Gates Cleared
[2026-03-26 03:34:45] TICKER: XAGUSD | RESULT: PASS   | SENTIMENT:   0.0 | REASON: All Gates Cleared
[2026-03-26 03:39:45] TICKER: TLT    | RESULT: PASS   | SENTIMENT:   0.0 | REASON: All Gates Cleared
[2026-03-26 03:39:46] TICKER: CCJ    | RESULT: PASS   | SENTIMENT:   0.0 | REASON: All Gates Cleared
[2026-03-26 03:39:46] TICKER: ZIM    | RESULT: PASS   | SENTIMENT:   0.0 | REASON: All Gates Cleared
[2026-03-26 03:39:47] TICKER: GLD    | RESULT: PASS   | SENTIMENT:   0.0 | REASON: All Gates Cleared
[2026-03-26 03:39:47] TICKER: D05.SI | RESULT: PASS   | SENTIMENT:   0.0 | REASON: All Gates Cleared
[2026-03-26 03:39:47] TICKER: BDRY   | RESULT: PASS   | SENTIMENT:   0.0 | REASON: All Gates Cleared
[2026-03-26 03:39:48] TICKER: 8035.T | RESULT: PASS   | SENTIMENT:   0.0 | REASON: All Gates Cleared
[2026-03-26 03:39:48] TICKER: VALE   | RESULT: PASS   | SENTIMENT:   0.0 | REASON: All Gates Cleared
[2026-03-26 03:39:48] TICKER: XAUUSD | RESULT: PASS   | SENTIMENT:   0.0 | REASON: All Gates Cleared
[2026-03-26 03:39:49] TICKER: XAGUSD | RESULT: PASS   | SENTIMENT:   0.0 | REASON: All Gates Cleared
[2026-03-26 03:44:50] TICKER: TLT    | RESULT: PASS   | SENTIMENT:   0.0 | REASON: All Gates Cleared
[2026-03-26 03:44:50] TICKER: CCJ    | RESULT: PASS   | SENTIMENT:   0.0 | REASON: All Gates Cleared
[2026-03-26 03:44:50] TICKER: ZIM    | RESULT: PASS   | SENTIMENT:   0.0 | REASON: All Gates Cleared
[2026-03-26 03:44:51] TICKER: GLD    | RESULT: PASS   | SENTIMENT:   0.0 | REASON: All Gates Cleared
[2026-03-26 03:44:51] TICKER: D05.SI | RESULT: PASS   | SENTIMENT:   0.0 | REASON: All Gates Cleared
[2026-03-26 03:44:51] TICKER: BDRY   | RESULT: PASS   | SENTIMENT:   0.0 | REASON: All Gates Cleared
[2026-03-26 03:44:52] TICKER: 8035.T | RESULT: PASS   | SENTIMENT:   0.0 | REASON: All Gates Cleared
[2026-03-26 03:44:52] TICKER: VALE   | RESULT: PASS   | SENTIMENT:   0.0 | REASON: All Gates Cleared
[2026-03-26 03:44:52] TICKER: XAUUSD | RESULT: PASS   | SENTIMENT:   0.0 | REASON: All Gates Cleared
[2026-03-26 03:44:53] TICKER: XAGUSD | RESULT: PASS   | SENTIMENT:   0.0 | REASON: All Gates Cleared
[2026-03-26 03:49:53] TICKER: TLT    | RESULT: PASS   | SENTIMENT:   0.0 | REASON: All Gates Cleared
[2026-03-26 03:49:54] TICKER: CCJ    | RESULT: PASS   | SENTIMENT:   0.0 | REASON: All Gates Cleared
[2026-03-26 03:49:54] TICKER: ZIM    | RESULT: PASS   | SENTIMENT:   0.0 | REASON: All Gates Cleared
[2026-03-26 03:49:54] TICKER: GLD    | RESULT: PASS   | SENTIMENT:   0.0 | REASON: All Gates Cleared
[2026-03-26 03:49:55] TICKER: D05.SI | RESULT: PASS   | SENTIMENT:   0.0 | REASON: All Gates Cleared
[2026-03-26 03:49:55] TICKER: BDRY   | RESULT: PASS   | SENTIMENT:   0.0 | REASON: All Gates Cleared
[2026-03-26 03:49:55] TICKER: 8035.T | RESULT: PASS   | SENTIMENT:   0.0 | REASON: All Gates Cleared
[2026-03-26 03:49:56] TICKER: VALE   | RESULT: PASS   | SENTIMENT:   0.0 | REASON: All Gates Cleared
[2026-03-26 03:49:56] TICKER: XAUUSD | RESULT: PASS   | SENTIMENT:   0.0 | REASON: All Gates Cleared
[2026-03-26 03:49:56] TICKER: XAGUSD | RESULT: PASS   | SENTIMENT:   0.0 | REASON: All Gates Cleared
[2026-03-26 03:54:57] TICKER: TLT    | RESULT: PASS   | SENTIMENT:   0.0 | REASON: All Gates Cleared
[2026-03-26 03:54:58] TICKER: CCJ    | RESULT: PASS   | SENTIMENT:   0.0 | REASON: All Gates Cleared
[2026-03-26 03:54:58] TICKER: ZIM    | RESULT: PASS   | SENTIMENT:   0.0 | REASON: All Gates Cleared
[2026-03-26 03:54:58] TICKER: GLD    | RESULT: PASS   | SENTIMENT:   0.0 | REASON: All Gates Cleared
[2026-03-26 03:54:58] TICKER: D05.SI | RESULT: PASS   | SENTIMENT:   0.0 | REASON: All Gates Cleared
[2026-03-26 03:54:59] TICKER: BDRY   | RESULT: PASS   | SENTIMENT:   0.0 | REASON: All Gates Cleared
[2026-03-26 03:54:59] TICKER: 8035.T | RESULT: PASS   | SENTIMENT:   0.0 | REASON: All Gates Cleared
[2026-03-26 03:54:59] TICKER: VALE   | RESULT: PASS   | SENTIMENT:   0.0 | REASON: All Gates Cleared
[2026-03-26 03:55:00] TICKER: XAUUSD | RESULT: PASS   | SENTIMENT:   0.0 | REASON: All Gates Cleared
[2026-03-26 03:55:00] TICKER: XAGUSD | RESULT: PASS   | SENTIMENT:   0.0 | REASON: All Gates Cleared
[2026-03-26 04:00:01] TICKER: TLT    | RESULT: PASS   | SENTIMENT:   0.0 | REASON: All Gates Cleared
[2026-03-26 04:00:01] TICKER: CCJ    | RESULT: PASS   | SENTIMENT:   0.0 | REASON: All Gates Cleared
[2026-03-26 04:00:01] TICKER: ZIM    | RESULT: PASS   | SENTIMENT:   0.0 | REASON: All Gates Cleared
[2026-03-26 04:00:02] TICKER: GLD    | RESULT: PASS   | SENTIMENT:   0.0 | REASON: All Gates Cleared
[2026-03-26 04:00:02] TICKER: D05.SI | RESULT: PASS   | SENTIMENT:   0.0 | REASON: All Gates Cleared
[2026-03-26 04:00:02] TICKER: BDRY   | RESULT: PASS   | SENTIMENT:   0.0 | REASON: All Gates Cleared
[2026-03-26 04:00:02] TICKER: 8035.T | RESULT: PASS   | SENTIMENT:   0.0 | REASON: All Gates Cleared
[2026-03-26 04:00:03] TICKER: VALE   | RESULT: PASS   | SENTIMENT:   0.0 | REASON: All Gates Cleared
[2026-03-26 04:00:03] TICKER: XAUUSD | RESULT: PASS   | SENTIMENT:   0.0 | REASON: All Gates Cleared
[2026-03-26 04:00:03] TICKER: XAGUSD | RESULT: PASS   | SENTIMENT:   0.0 | REASON: All Gates Cleared
[2026-03-26 04:05:04] TICKER: TLT    | RESULT: PASS   | SENTIMENT:   0.0 | REASON: All Gates Cleared
[2026-03-26 04:05:05] TICKER: CCJ    | RESULT: PASS   | SENTIMENT:   0.0 | REASON: All Gates Cleared
[2026-03-26 04:05:05] TICKER: ZIM    | RESULT: PASS   | SENTIMENT:   0.0 | REASON: All Gates Cleared
[2026-03-26 04:05:05] TICKER: GLD    | RESULT: PASS   | SENTIMENT:   0.0 | REASON: All Gates Cleared
[2026-03-26 04:05:06] TICKER: D05.SI | RESULT: PASS   | SENTIMENT:   0.0 | REASON: All Gates Cleared
[2026-03-26 04:05:06] TICKER: BDRY   | RESULT: PASS   | SENTIMENT:   0.0 | REASON: All Gates Cleared
[2026-03-26 04:05:06] TICKER: 8035.T | RESULT: PASS   | SENTIMENT:   0.0 | REASON: All Gates Cleared
[2026-03-26 04:05:07] TICKER: VALE   | RESULT: PASS   | SENTIMENT:   0.0 | REASON: All Gates Cleared
[2026-03-26 04:05:07] TICKER: XAUUSD | RESULT: PASS   | SENTIMENT:   0.0 | REASON: All Gates Cleared
[2026-03-26 04:05:07] TICKER: XAGUSD | RESULT: PASS   | SENTIMENT:   0.0 | REASON: All Gates Cleared
[2026-03-26 04:10:08] TICKER: TLT    | RESULT: PASS   | SENTIMENT:   0.0 | REASON: All Gates Cleared
[2026-03-26 04:10:09] TICKER: CCJ    | RESULT: PASS   | SENTIMENT:   0.0 | REASON: All Gates Cleared
[2026-03-26 04:10:09] TICKER: ZIM    | RESULT: PASS   | SENTIMENT:   0.0 | REASON: All Gates Cleared
[2026-03-26 04:10:09] TICKER: GLD    | RESULT: PASS   | SENTIMENT:   0.0 | REASON: All Gates Cleared
[2026-03-26 04:10:10] TICKER: D05.SI | RESULT: PASS   | SENTIMENT:   0.0 | REASON: All Gates Cleared
[2026-03-26 04:10:10] TICKER: BDRY   | RESULT: PASS   | SENTIMENT:   0.0 | REASON: All Gates Cleared
[2026-03-26 04:10:10] TICKER: 8035.T | RESULT: PASS   | SENTIMENT:   0.0 | REASON: All Gates Cleared
[2026-03-26 04:10:11] TICKER: VALE   | RESULT: PASS   | SENTIMENT:   0.0 | REASON: All Gates Cleared
[2026-03-26 04:10:11] TICKER: XAUUSD | RESULT: PASS   | SENTIMENT:   0.0 | REASON: All Gates Cleared
[2026-03-26 04:10:11] TICKER: XAGUSD | RESULT: PASS   | SENTIMENT:   0.0 | REASON: All Gates Cleared
[2026-03-26 04:15:12] TICKER: TLT    | RESULT: PASS   | SENTIMENT:   0.0 | REASON: All Gates Cleared
[2026-03-26 04:15:13] TICKER: CCJ    | RESULT: PASS   | SENTIMENT:   0.0 | REASON: All Gates Cleared
[2026-03-26 04:15:13] TICKER: ZIM    | RESULT: PASS   | SENTIMENT:   0.0 | REASON: All Gates Cleared
[2026-03-26 04:15:13] TICKER: GLD    | RESULT: PASS   | SENTIMENT:   0.0 | REASON: All Gates Cleared
[2026-03-26 04:15:14] TICKER: D05.SI | RESULT: PASS   | SENTIMENT:   0.0 | REASON: All Gates Cleared
[2026-03-26 04:15:14] TICKER: BDRY   | RESULT: PASS   | SENTIMENT:   0.0 | REASON: All Gates Cleared
[2026-03-26 04:15:14] TICKER: 8035.T | RESULT: PASS   | SENTIMENT:   0.0 | REASON: All Gates Cleared
[2026-03-26 04:15:14] TICKER: VALE   | RESULT: PASS   | SENTIMENT:   0.0 | REASON: All Gates Cleared
[2026-03-26 04:15:15] TICKER: XAUUSD | RESULT: PASS   | SENTIMENT:   0.0 | REASON: All Gates Cleared
[2026-03-26 04:15:15] TICKER: XAGUSD | RESULT: PASS   | SENTIMENT:   0.0 | REASON: All Gates Cleared
[2026-03-26 04:20:16] TICKER: TLT    | RESULT: PASS   | SENTIMENT:   0.0 | REASON: All Gates Cleared
[2026-03-26 04:20:16] TICKER: CCJ    | RESULT: PASS   | SENTIMENT:   0.0 | REASON: All Gates Cleared
[2026-03-26 04:20:17] TICKER: ZIM    | RESULT: PASS   | SENTIMENT:   0.0 | REASON: All Gates Cleared
[2026-03-26 04:20:17] TICKER: GLD    | RESULT: PASS   | SENTIMENT:   0.0 | REASON: All Gates Cleared
[2026-03-26 04:20:17] TICKER: D05.SI | RESULT: PASS   | SENTIMENT:   0.0 | REASON: All Gates Cleared
[2026-03-26 04:20:18] TICKER: BDRY   | RESULT: PASS   | SENTIMENT:   0.0 | REASON: All Gates Cleared
[2026-03-26 04:20:18] TICKER: 8035.T | RESULT: PASS   | SENTIMENT:   0.0 | REASON: All Gates Cleared
[2026-03-26 04:20:18] TICKER: VALE   | RESULT: PASS   | SENTIMENT:   0.0 | REASON: All Gates Cleared
[2026-03-26 04:20:19] TICKER: XAUUSD | RESULT: PASS   | SENTIMENT:   0.0 | REASON: All Gates Cleared
[2026-03-26 04:20:19] TICKER: XAGUSD | RESULT: PASS   | SENTIMENT:   0.0 | REASON: All Gates Cleared
[2026-03-26 04:25:20] TICKER: TLT    | RESULT: PASS   | SENTIMENT:   0.0 | REASON: All Gates Cleared
[2026-03-26 04:25:20] TICKER: CCJ    | RESULT: PASS   | SENTIMENT:   0.0 | REASON: All Gates Cleared
[2026-03-26 04:25:21] TICKER: ZIM    | RESULT: PASS   | SENTIMENT:   0.0 | REASON: All Gates Cleared
[2026-03-26 04:25:21] TICKER: GLD    | RESULT: PASS   | SENTIMENT:   0.0 | REASON: All Gates Cleared
[2026-03-26 04:25:21] TICKER: D05.SI | RESULT: PASS   | SENTIMENT:   0.0 | REASON: All Gates Cleared
[2026-03-26 04:25:21] TICKER: BDRY   | RESULT: PASS   | SENTIMENT:   0.0 | REASON: All Gates Cleared
[2026-03-26 04:25:22] TICKER: 8035.T | RESULT: PASS   | SENTIMENT:   0.0 | REASON: All Gates Cleared
[2026-03-26 04:25:22] TICKER: VALE   | RESULT: PASS   | SENTIMENT:   0.0 | REASON: All Gates Cleared
[2026-03-26 04:25:22] TICKER: XAUUSD | RESULT: PASS   | SENTIMENT:   0.0 | REASON: All Gates Cleared
[2026-03-26 04:25:23] TICKER: XAGUSD | RESULT: PASS   | SENTIMENT:   0.0 | REASON: All Gates Cleared
[2026-03-26 04:30:24] TICKER: TLT    | RESULT: PASS   | SENTIMENT:   0.0 | REASON: All Gates Cleared
[2026-03-26 04:30:24] TICKER: CCJ    | RESULT: PASS   | SENTIMENT:   0.0 | REASON: All Gates Cleared
[2026-03-26 04:30:25] TICKER: ZIM    | RESULT: PASS   | SENTIMENT:   0.0 | REASON: All Gates Cleared
[2026-03-26 04:30:25] TICKER: GLD    | RESULT: PASS   | SENTIMENT:   0.0 | REASON: All Gates Cleared
[2026-03-26 04:30:25] TICKER: D05.SI | RESULT: PASS   | SENTIMENT:   0.0 | REASON: All Gates Cleared
[2026-03-26 04:30:25] TICKER: BDRY   | RESULT: PASS   | SENTIMENT:   0.0 | REASON: All Gates Cleared
[2026-03-26 04:30:26] TICKER: 8035.T | RESULT: PASS   | SENTIMENT:   0.0 | REASON: All Gates Cleared
[2026-03-26 04:30:26] TICKER: VALE   | RESULT: PASS   | SENTIMENT:   0.0 | REASON: All Gates Cleared
[2026-03-26 04:30:26] TICKER: XAUUSD | RESULT: PASS   | SENTIMENT:   0.0 | REASON: All Gates Cleared
[2026-03-26 04:30:27] TICKER: XAGUSD | RESULT: PASS   | SENTIMENT:   0.0 | REASON: All Gates Cleared
[2026-03-26 04:35:28] TICKER: TLT    | RESULT: PASS   | SENTIMENT:   0.0 | REASON: All Gates Cleared
[2026-03-26 04:35:28] TICKER: CCJ    | RESULT: PASS   | SENTIMENT:   0.0 | REASON: All Gates Cleared
[2026-03-26 04:35:29] TICKER: ZIM    | RESULT: PASS   | SENTIMENT:   0.0 | REASON: All Gates Cleared
[2026-03-26 04:35:29] TICKER: GLD    | RESULT: PASS   | SENTIMENT:   0.0 | REASON: All Gates Cleared
[2026-03-26 04:35:29] TICKER: D05.SI | RESULT: PASS   | SENTIMENT:   0.0 | REASON: All Gates Cleared
[2026-03-26 04:35:30] TICKER: BDRY   | RESULT: PASS   | SENTIMENT:   0.0 | REASON: All Gates Cleared
[2026-03-26 04:35:30] TICKER: 8035.T | RESULT: PASS   | SENTIMENT:   0.0 | REASON: All Gates Cleared
[2026-03-26 04:35:30] TICKER: VALE   | RESULT: PASS   | SENTIMENT:   0.0 | REASON: All Gates Cleared
[2026-03-26 04:35:30] TICKER: XAUUSD | RESULT: PASS   | SENTIMENT:   0.0 | REASON: All Gates Cleared
[2026-03-26 04:35:31] TICKER: XAGUSD | RESULT: PASS   | SENTIMENT:   0.0 | REASON: All Gates Cleared
[2026-03-26 04:40:32] TICKER: TLT    | RESULT: PASS   | SENTIMENT:   0.0 | REASON: All Gates Cleared
[2026-03-26 04:40:32] TICKER: CCJ    | RESULT: PASS   | SENTIMENT:   0.0 | REASON: All Gates Cleared
[2026-03-26 04:40:33] TICKER: ZIM    | RESULT: PASS   | SENTIMENT:   0.0 | REASON: All Gates Cleared
[2026-03-26 04:40:33] TICKER: GLD    | RESULT: PASS   | SENTIMENT:   0.0 | REASON: All Gates Cleared
[2026-03-26 04:40:33] TICKER: D05.SI | RESULT: PASS   | SENTIMENT:   0.0 | REASON: All Gates Cleared
[2026-03-26 04:40:34] TICKER: BDRY   | RESULT: PASS   | SENTIMENT:   0.0 | REASON: All Gates Cleared
[2026-03-26 04:40:34] TICKER: 8035.T | RESULT: PASS   | SENTIMENT:   0.0 | REASON: All Gates Cleared
[2026-03-26 04:40:34] TICKER: VALE   | RESULT: PASS   | SENTIMENT:   0.0 | REASON: All Gates Cleared
[2026-03-26 04:40:35] TICKER: XAUUSD | RESULT: PASS   | SENTIMENT:   0.0 | REASON: All Gates Cleared
[2026-03-26 04:40:35] TICKER: XAGUSD | RESULT: PASS   | SENTIMENT:   0.0 | REASON: All Gates Cleared
[2026-03-26 04:45:36] TICKER: TLT    | RESULT: PASS   | SENTIMENT:   0.0 | REASON: All Gates Cleared
[2026-03-26 04:45:36] TICKER: CCJ    | RESULT: PASS   | SENTIMENT:   0.0 | REASON: All Gates Cleared
[2026-03-26 04:45:37] TICKER: ZIM    | RESULT: PASS   | SENTIMENT:   0.0 | REASON: All Gates Cleared
[2026-03-26 04:45:37] TICKER: GLD    | RESULT: PASS   | SENTIMENT:   0.0 | REASON: All Gates Cleared
[2026-03-26 04:45:37] TICKER: D05.SI | RESULT: PASS   | SENTIMENT:   0.0 | REASON: All Gates Cleared
[2026-03-26 04:45:38] TICKER: BDRY   | RESULT: PASS   | SENTIMENT:   0.0 | REASON: All Gates Cleared
[2026-03-26 04:45:38] TICKER: 8035.T | RESULT: PASS   | SENTIMENT:   0.0 | REASON: All Gates Cleared
[2026-03-26 04:45:38] TICKER: VALE   | RESULT: PASS   | SENTIMENT:   0.0 | REASON: All Gates Cleared
[2026-03-26 04:45:38] TICKER: XAUUSD | RESULT: PASS   | SENTIMENT:   0.0 | REASON: All Gates Cleared
[2026-03-26 04:45:39] TICKER: XAGUSD | RESULT: PASS   | SENTIMENT:   0.0 | REASON: All Gates Cleared
[2026-03-26 04:50:40] TICKER: TLT    | RESULT: PASS   | SENTIMENT:   0.0 | REASON: All Gates Cleared
[2026-03-26 04:50:40] TICKER: CCJ    | RESULT: PASS   | SENTIMENT:   0.0 | REASON: All Gates Cleared
[2026-03-26 04:50:41] TICKER: ZIM    | RESULT: PASS   | SENTIMENT:   0.0 | REASON: All Gates Cleared
[2026-03-26 04:50:41] TICKER: GLD    | RESULT: PASS   | SENTIMENT:   0.0 | REASON: All Gates Cleared
[2026-03-26 04:50:41] TICKER: D05.SI | RESULT: PASS   | SENTIMENT:   0.0 | REASON: All Gates Cleared
[2026-03-26 04:50:41] TICKER: BDRY   | RESULT: PASS   | SENTIMENT:   0.0 | REASON: All Gates Cleared
[2026-03-26 04:50:42] TICKER: 8035.T | RESULT: PASS   | SENTIMENT:   0.0 | REASON: All Gates Cleared
[2026-03-26 04:50:42] TICKER: VALE   | RESULT: PASS   | SENTIMENT:   0.0 | REASON: All Gates Cleared
[2026-03-26 04:50:42] TICKER: XAUUSD | RESULT: PASS   | SENTIMENT:   0.0 | REASON: All Gates Cleared
[2026-03-26 04:50:43] TICKER: XAGUSD | RESULT: PASS   | SENTIMENT:   0.0 | REASON: All Gates Cleared
[2026-03-26 04:55:43] TICKER: TLT    | RESULT: PASS   | SENTIMENT:   0.0 | REASON: All Gates Cleared
[2026-03-26 04:55:44] TICKER: CCJ    | RESULT: PASS   | SENTIMENT:   0.0 | REASON: All Gates Cleared
[2026-03-26 04:55:44] TICKER: ZIM    | RESULT: PASS   | SENTIMENT:   0.0 | REASON: All Gates Cleared
[2026-03-26 04:55:45] TICKER: GLD    | RESULT: PASS   | SENTIMENT:   0.0 | REASON: All Gates Cleared
[2026-03-26 04:55:45] TICKER: D05.SI | RESULT: PASS   | SENTIMENT:   0.0 | REASON: All Gates Cleared
[2026-03-26 04:55:45] TICKER: BDRY   | RESULT: PASS   | SENTIMENT:   0.0 | REASON: All Gates Cleared
[2026-03-26 04:55:46] TICKER: 8035.T | RESULT: PASS   | SENTIMENT:   0.0 | REASON: All Gates Cleared
[2026-03-26 04:55:46] TICKER: VALE   | RESULT: PASS   | SENTIMENT:   0.0 | REASON: All Gates Cleared
[2026-03-26 04:55:46] TICKER: XAUUSD | RESULT: PASS   | SENTIMENT:   0.0 | REASON: All Gates Cleared
[2026-03-26 04:55:46] TICKER: XAGUSD | RESULT: PASS   | SENTIMENT:   0.0 | REASON: All Gates Cleared
[2026-03-27 03:13:05] TICKER: TLT    | RESULT: PASS   | SENTIMENT:   0.0 | REASON: All Gates Cleared
[2026-03-27 03:13:05] TICKER: CCJ    | RESULT: PASS   | SENTIMENT:   0.0 | REASON: All Gates Cleared
[2026-03-27 03:13:06] TICKER: ZIM    | RESULT: PASS   | SENTIMENT:   0.0 | REASON: All Gates Cleared
[2026-03-27 03:13:06] TICKER: GLD    | RESULT: PASS   | SENTIMENT:   0.0 | REASON: All Gates Cleared
[2026-03-27 03:13:06] TICKER: D05.SI | RESULT: PASS   | SENTIMENT:   0.0 | REASON: All Gates Cleared
[2026-03-27 03:13:07] TICKER: BDRY   | RESULT: PASS   | SENTIMENT:   0.0 | REASON: All Gates Cleared
[2026-03-27 03:13:07] TICKER: 8035.T | RESULT: PASS   | SENTIMENT:   0.0 | REASON: All Gates Cleared
[2026-03-27 03:13:07] TICKER: VALE   | RESULT: PASS   | SENTIMENT:   0.0 | REASON: All Gates Cleared
[2026-03-27 03:13:08] TICKER: XAUUSD | RESULT: PASS   | SENTIMENT:   0.0 | REASON: All Gates Cleared
[2026-03-27 03:13:08] TICKER: XAGUSD | RESULT: PASS   | SENTIMENT:   0.0 | REASON: All Gates Cleared
[2026-03-27 03:18:09] TICKER: TLT    | RESULT: PASS   | SENTIMENT:   0.0 | REASON: All Gates Cleared
[2026-03-27 03:18:09] TICKER: CCJ    | RESULT: PASS   | SENTIMENT:   0.0 | REASON: All Gates Cleared
[2026-03-27 03:18:10] TICKER: ZIM    | RESULT: PASS   | SENTIMENT:   0.0 | REASON: All Gates Cleared
[2026-03-27 03:18:10] TICKER: GLD    | RESULT: PASS   | SENTIMENT:   0.0 | REASON: All Gates Cleared
[2026-03-27 03:18:10] TICKER: D05.SI | RESULT: PASS   | SENTIMENT:   0.0 | REASON: All Gates Cleared
[2026-03-27 03:18:11] TICKER: BDRY   | RESULT: PASS   | SENTIMENT:   0.0 | REASON: All Gates Cleared
[2026-03-27 03:18:11] TICKER: 8035.T | RESULT: PASS   | SENTIMENT:   0.0 | REASON: All Gates Cleared
[2026-03-27 03:18:11] TICKER: VALE   | RESULT: PASS   | SENTIMENT:   0.0 | REASON: All Gates Cleared
[2026-03-27 03:18:12] TICKER: XAUUSD | RESULT: PASS   | SENTIMENT:   0.0 | REASON: All Gates Cleared
[2026-03-27 03:18:12] TICKER: XAGUSD | RESULT: PASS   | SENTIMENT:   0.0 | REASON: All Gates Cleared
[2026-03-27 03:23:13] TICKER: TLT    | RESULT: PASS   | SENTIMENT:   0.0 | REASON: All Gates Cleared
[2026-03-27 03:23:13] TICKER: CCJ    | RESULT: PASS   | SENTIMENT:   0.0 | REASON: All Gates Cleared
[2026-03-27 03:23:14] TICKER: ZIM    | RESULT: PASS   | SENTIMENT:   0.0 | REASON: All Gates Cleared
[2026-03-27 03:23:14] TICKER: GLD    | RESULT: PASS   | SENTIMENT:   0.0 | REASON: All Gates Cleared
[2026-03-27 03:23:14] TICKER: D05.SI | RESULT: PASS   | SENTIMENT:   0.0 | REASON: All Gates Cleared
[2026-03-27 03:23:15] TICKER: BDRY   | RESULT: PASS   | SENTIMENT:   0.0 | REASON: All Gates Cleared
[2026-03-27 03:23:15] TICKER: 8035.T | RESULT: PASS   | SENTIMENT:   0.0 | REASON: All Gates Cleared
[2026-03-27 03:23:15] TICKER: VALE   | RESULT: PASS   | SENTIMENT:   0.0 | REASON: All Gates Cleared
[2026-03-27 03:23:16] TICKER: XAUUSD | RESULT: PASS   | SENTIMENT:   0.0 | REASON: All Gates Cleared
[2026-03-27 03:23:16] TICKER: XAGUSD | RESULT: PASS   | SENTIMENT:   0.0 | REASON: All Gates Cleared
[2026-03-27 03:28:17] TICKER: TLT    | RESULT: PASS   | SENTIMENT:   0.0 | REASON: All Gates Cleared
[2026-03-27 03:28:17] TICKER: CCJ    | RESULT: PASS   | SENTIMENT:   0.0 | REASON: All Gates Cleared
[2026-03-27 03:28:18] TICKER: ZIM    | RESULT: PASS   | SENTIMENT:   0.0 | REASON: All Gates Cleared
[2026-03-27 03:28:18] TICKER: GLD    | RESULT: PASS   | SENTIMENT:   0.0 | REASON: All Gates Cleared
[2026-03-27 03:28:18] TICKER: D05.SI | RESULT: PASS   | SENTIMENT:   0.0 | REASON: All Gates Cleared
[2026-03-27 03:28:18] TICKER: BDRY   | RESULT: PASS   | SENTIMENT:   0.0 | REASON: All Gates Cleared
[2026-03-27 03:28:19] TICKER: 8035.T | RESULT: PASS   | SENTIMENT:   0.0 | REASON: All Gates Cleared
[2026-03-27 03:28:19] TICKER: VALE   | RESULT: PASS   | SENTIMENT:   0.0 | REASON: All Gates Cleared
[2026-03-27 03:28:19] TICKER: XAUUSD | RESULT: PASS   | SENTIMENT:   0.0 | REASON: All Gates Cleared
[2026-03-27 03:28:20] TICKER: XAGUSD | RESULT: PASS   | SENTIMENT:   0.0 | REASON: All Gates Cleared
[2026-03-27 03:33:21] TICKER: TLT    | RESULT: PASS   | SENTIMENT:   0.0 | REASON: All Gates Cleared
[2026-03-27 03:33:21] TICKER: CCJ    | RESULT: PASS   | SENTIMENT:   0.0 | REASON: All Gates Cleared
[2026-03-27 03:33:22] TICKER: ZIM    | RESULT: PASS   | SENTIMENT:   0.0 | REASON: All Gates Cleared
[2026-03-27 03:33:22] TICKER: GLD    | RESULT: PASS   | SENTIMENT:   0.0 | REASON: All Gates Cleared
[2026-03-27 03:33:22] TICKER: D05.SI | RESULT: PASS   | SENTIMENT:   0.0 | REASON: All Gates Cleared
[2026-03-27 03:33:22] TICKER: BDRY   | RESULT: PASS   | SENTIMENT:   0.0 | REASON: All Gates Cleared
[2026-03-27 03:33:23] TICKER: 8035.T | RESULT: PASS   | SENTIMENT:   0.0 | REASON: All Gates Cleared
[2026-03-27 03:33:23] TICKER: VALE   | RESULT: PASS   | SENTIMENT:   0.0 | REASON: All Gates Cleared
[2026-03-27 03:33:23] TICKER: XAUUSD | RESULT: PASS   | SENTIMENT:   0.0 | REASON: All Gates Cleared
[2026-03-27 03:33:24] TICKER: XAGUSD | RESULT: PASS   | SENTIMENT:   0.0 | REASON: All Gates Cleared
[2026-03-27 03:38:25] TICKER: TLT    | RESULT: PASS   | SENTIMENT:   0.0 | REASON: All Gates Cleared
[2026-03-27 03:38:25] TICKER: CCJ    | RESULT: PASS   | SENTIMENT:   0.0 | REASON: All Gates Cleared
[2026-03-27 03:38:25] TICKER: ZIM    | RESULT: PASS   | SENTIMENT:   0.0 | REASON: All Gates Cleared
[2026-03-27 03:38:26] TICKER: GLD    | RESULT: PASS   | SENTIMENT:   0.0 | REASON: All Gates Cleared
[2026-03-27 03:38:26] TICKER: D05.SI | RESULT: PASS   | SENTIMENT:   0.0 | REASON: All Gates Cleared
[2026-03-27 03:38:26] TICKER: BDRY   | RESULT: PASS   | SENTIMENT:   0.0 | REASON: All Gates Cleared
[2026-03-27 03:38:27] TICKER: 8035.T | RESULT: PASS   | SENTIMENT:   0.0 | REASON: All Gates Cleared
[2026-03-27 03:38:27] TICKER: VALE   | RESULT: PASS   | SENTIMENT:   0.0 | REASON: All Gates Cleared
[2026-03-27 03:38:27] TICKER: XAUUSD | RESULT: PASS   | SENTIMENT:   0.0 | REASON: All Gates Cleared
[2026-03-27 03:38:28] TICKER: XAGUSD | RESULT: PASS   | SENTIMENT:   0.0 | REASON: All Gates Cleared
[2026-03-27 03:43:28] TICKER: TLT    | RESULT: PASS   | SENTIMENT:   0.0 | REASON: All Gates Cleared
[2026-03-27 03:43:29] TICKER: CCJ    | RESULT: PASS   | SENTIMENT:   0.0 | REASON: All Gates Cleared
[2026-03-27 03:43:29] TICKER: ZIM    | RESULT: PASS   | SENTIMENT:   0.0 | REASON: All Gates Cleared
[2026-03-27 03:43:30] TICKER: GLD    | RESULT: PASS   | SENTIMENT:   0.0 | REASON: All Gates Cleared
[2026-03-27 03:43:30] TICKER: D05.SI | RESULT: PASS   | SENTIMENT:   0.0 | REASON: All Gates Cleared
[2026-03-27 03:43:30] TICKER: BDRY   | RESULT: PASS   | SENTIMENT:   0.0 | REASON: All Gates Cleared
[2026-03-27 03:43:30] TICKER: 8035.T | RESULT: PASS   | SENTIMENT:   0.0 | REASON: All Gates Cleared
[2026-03-27 03:43:31] TICKER: VALE   | RESULT: PASS   | SENTIMENT:   0.0 | REASON: All Gates Cleared
[2026-03-27 03:43:31] TICKER: XAUUSD | RESULT: PASS   | SENTIMENT:   0.0 | REASON: All Gates Cleared
[2026-03-27 03:43:31] TICKER: XAGUSD | RESULT: PASS   | SENTIMENT:   0.0 | REASON: All Gates Cleared
[2026-03-27 03:48:32] TICKER: TLT    | RESULT: PASS   | SENTIMENT:   0.0 | REASON: All Gates Cleared
[2026-03-27 03:48:33] TICKER: CCJ    | RESULT: PASS   | SENTIMENT:   0.0 | REASON: All Gates Cleared
[2026-03-27 03:48:33] TICKER: ZIM    | RESULT: PASS   | SENTIMENT:   0.0 | REASON: All Gates Cleared
[2026-03-27 03:48:34] TICKER: GLD    | RESULT: PASS   | SENTIMENT:   0.0 | REASON: All Gates Cleared
[2026-03-27 03:48:34] TICKER: D05.SI | RESULT: PASS   | SENTIMENT:   0.0 | REASON: All Gates Cleared
[2026-03-27 03:48:35] TICKER: BDRY   | RESULT: PASS   | SENTIMENT:   0.0 | REASON: All Gates Cleared
[2026-03-27 03:48:35] TICKER: 8035.T | RESULT: PASS   | SENTIMENT:   0.0 | REASON: All Gates Cleared
[2026-03-27 03:48:35] TICKER: VALE   | RESULT: PASS   | SENTIMENT:   0.0 | REASON: All Gates Cleared
[2026-03-27 03:48:36] TICKER: XAUUSD | RESULT: PASS   | SENTIMENT:   0.0 | REASON: All Gates Cleared
[2026-03-27 03:48:36] TICKER: XAGUSD | RESULT: PASS   | SENTIMENT:   0.0 | REASON: All Gates Cleared
[2026-03-27 03:53:37] TICKER: TLT    | RESULT: PASS   | SENTIMENT:   0.0 | REASON: All Gates Cleared
[2026-03-27 03:53:37] TICKER: CCJ    | RESULT: PASS   | SENTIMENT:   0.0 | REASON: All Gates Cleared
[2026-03-27 03:53:38] TICKER: ZIM    | RESULT: PASS   | SENTIMENT:   0.0 | REASON: All Gates Cleared
[2026-03-27 03:53:38] TICKER: GLD    | RESULT: PASS   | SENTIMENT:   0.0 | REASON: All Gates Cleared
[2026-03-27 03:53:38] TICKER: D05.SI | RESULT: PASS   | SENTIMENT:   0.0 | REASON: All Gates Cleared
[2026-03-27 03:53:39] TICKER: BDRY   | RESULT: PASS   | SENTIMENT:   0.0 | REASON: All Gates Cleared
[2026-03-27 03:53:39] TICKER: 8035.T | RESULT: PASS   | SENTIMENT:   0.0 | REASON: All Gates Cleared
[2026-03-27 03:53:39] TICKER: VALE   | RESULT: PASS   | SENTIMENT:   0.0 | REASON: All Gates Cleared
[2026-03-27 03:53:39] TICKER: XAUUSD | RESULT: PASS   | SENTIMENT:   0.0 | REASON: All Gates Cleared
[2026-03-27 03:53:40] TICKER: XAGUSD | RESULT: PASS   | SENTIMENT:   0.0 | REASON: All Gates Cleared
[2026-03-27 03:58:41] TICKER: TLT    | RESULT: PASS   | SENTIMENT:   0.0 | REASON: All Gates Cleared
[2026-03-27 03:58:41] TICKER: CCJ    | RESULT: PASS   | SENTIMENT:   0.0 | REASON: All Gates Cleared
[2026-03-27 03:58:41] TICKER: ZIM    | RESULT: PASS   | SENTIMENT:   0.0 | REASON: All Gates Cleared
[2026-03-27 03:58:42] TICKER: GLD    | RESULT: PASS   | SENTIMENT:   0.0 | REASON: All Gates Cleared
[2026-03-27 03:58:42] TICKER: D05.SI | RESULT: PASS   | SENTIMENT:   0.0 | REASON: All Gates Cleared
[2026-03-27 03:58:42] TICKER: BDRY   | RESULT: PASS   | SENTIMENT:   0.0 | REASON: All Gates Cleared
[2026-03-27 03:58:43] TICKER: 8035.T | RESULT: PASS   | SENTIMENT:   0.0 | REASON: All Gates Cleared
[2026-03-27 03:58:43] TICKER: VALE   | RESULT: PASS   | SENTIMENT:   0.0 | REASON: All Gates Cleared
[2026-03-27 03:58:43] TICKER: XAUUSD | RESULT: PASS   | SENTIMENT:   0.0 | REASON: All Gates Cleared
[2026-03-27 03:58:44] TICKER: XAGUSD | RESULT: PASS   | SENTIMENT:   0.0 | REASON: All Gates Cleared
[2026-03-27 04:03:44] TICKER: TLT    | RESULT: PASS   | SENTIMENT:   0.0 | REASON: All Gates Cleared
[2026-03-27 04:03:45] TICKER: CCJ    | RESULT: PASS   | SENTIMENT:   0.0 | REASON: All Gates Cleared
[2026-03-27 04:03:45] TICKER: ZIM    | RESULT: PASS   | SENTIMENT:   0.0 | REASON: All Gates Cleared
[2026-03-27 04:03:46] TICKER: GLD    | RESULT: PASS   | SENTIMENT:   0.0 | REASON: All Gates Cleared
[2026-03-27 04:03:46] TICKER: D05.SI | RESULT: PASS   | SENTIMENT:   0.0 | REASON: All Gates Cleared
[2026-03-27 04:03:46] TICKER: BDRY   | RESULT: PASS   | SENTIMENT:   0.0 | REASON: All Gates Cleared
[2026-03-27 04:03:47] TICKER: 8035.T | RESULT: PASS   | SENTIMENT:   0.0 | REASON: All Gates Cleared
[2026-03-27 04:03:47] TICKER: VALE   | RESULT: PASS   | SENTIMENT:   0.0 | REASON: All Gates Cleared
[2026-03-27 04:03:47] TICKER: XAUUSD | RESULT: PASS   | SENTIMENT:   0.0 | REASON: All Gates Cleared
[2026-03-27 04:03:47] TICKER: XAGUSD | RESULT: PASS   | SENTIMENT:   0.0 | REASON: All Gates Cleared
[2026-03-27 04:08:48] TICKER: TLT    | RESULT: PASS   | SENTIMENT:   0.0 | REASON: All Gates Cleared
[2026-03-27 04:08:49] TICKER: CCJ    | RESULT: PASS   | SENTIMENT:   0.0 | REASON: All Gates Cleared
[2026-03-27 04:08:49] TICKER: ZIM    | RESULT: PASS   | SENTIMENT:   0.0 | REASON: All Gates Cleared
[2026-03-27 04:08:49] TICKER: GLD    | RESULT: PASS   | SENTIMENT:   0.0 | REASON: All Gates Cleared
[2026-03-27 04:08:50] TICKER: D05.SI | RESULT: PASS   | SENTIMENT:   0.0 | REASON: All Gates Cleared
[2026-03-27 04:08:50] TICKER: BDRY   | RESULT: PASS   | SENTIMENT:   0.0 | REASON: All Gates Cleared
[2026-03-27 04:08:51] TICKER: 8035.T | RESULT: PASS   | SENTIMENT:   0.0 | REASON: All Gates Cleared
[2026-03-27 04:08:51] TICKER: VALE   | RESULT: PASS   | SENTIMENT:   0.0 | REASON: All Gates Cleared
[2026-03-27 04:08:51] TICKER: XAUUSD | RESULT: PASS   | SENTIMENT:   0.0 | REASON: All Gates Cleared
[2026-03-27 04:08:52] TICKER: XAGUSD | RESULT: PASS   | SENTIMENT:   0.0 | REASON: All Gates Cleared
[2026-03-27 04:13:53] TICKER: TLT    | RESULT: PASS   | SENTIMENT:   0.0 | REASON: All Gates Cleared
[2026-03-27 04:13:53] TICKER: CCJ    | RESULT: PASS   | SENTIMENT:   0.0 | REASON: All Gates Cleared
[2026-03-27 04:13:53] TICKER: ZIM    | RESULT: PASS   | SENTIMENT:   0.0 | REASON: All Gates Cleared
[2026-03-27 04:13:54] TICKER: GLD    | RESULT: PASS   | SENTIMENT:   0.0 | REASON: All Gates Cleared
[2026-03-27 04:13:54] TICKER: D05.SI | RESULT: PASS   | SENTIMENT:   0.0 | REASON: All Gates Cleared
[2026-03-27 04:13:54] TICKER: BDRY   | RESULT: PASS   | SENTIMENT:   0.0 | REASON: All Gates Cleared
[2026-03-27 04:13:55] TICKER: 8035.T | RESULT: PASS   | SENTIMENT:   0.0 | REASON: All Gates Cleared
[2026-03-27 04:13:55] TICKER: VALE   | RESULT: PASS   | SENTIMENT:   0.0 | REASON: All Gates Cleared
[2026-03-27 04:13:55] TICKER: XAUUSD | RESULT: PASS   | SENTIMENT:   0.0 | REASON: All Gates Cleared
[2026-03-27 04:13:56] TICKER: XAGUSD | RESULT: PASS   | SENTIMENT:   0.0 | REASON: All Gates Cleared
[2026-03-27 04:18:56] TICKER: TLT    | RESULT: PASS   | SENTIMENT:   0.0 | REASON: All Gates Cleared
[2026-03-27 04:18:57] TICKER: CCJ    | RESULT: PASS   | SENTIMENT:   0.0 | REASON: All Gates Cleared
[2026-03-27 04:18:57] TICKER: ZIM    | RESULT: PASS   | SENTIMENT:   0.0 | REASON: All Gates Cleared
[2026-03-27 04:18:58] TICKER: GLD    | RESULT: PASS   | SENTIMENT:   0.0 | REASON: All Gates Cleared
[2026-03-27 04:18:58] TICKER: D05.SI | RESULT: PASS   | SENTIMENT:   0.0 | REASON: All Gates Cleared
[2026-03-27 04:18:58] TICKER: BDRY   | RESULT: PASS   | SENTIMENT:   0.0 | REASON: All Gates Cleared
[2026-03-27 04:18:58] TICKER: 8035.T | RESULT: PASS   | SENTIMENT:   0.0 | REASON: All Gates Cleared
[2026-03-27 04:18:59] TICKER: VALE   | RESULT: PASS   | SENTIMENT:   0.0 | REASON: All Gates Cleared
[2026-03-27 04:18:59] TICKER: XAUUSD | RESULT: PASS   | SENTIMENT:   0.0 | REASON: All Gates Cleared
[2026-03-27 04:18:59] TICKER: XAGUSD | RESULT: PASS   | SENTIMENT:   0.0 | REASON: All Gates Cleared
[2026-03-27 04:24:00] TICKER: TLT    | RESULT: PASS   | SENTIMENT:   0.0 | REASON: All Gates Cleared
[2026-03-27 04:24:01] TICKER: CCJ    | RESULT: PASS   | SENTIMENT:   0.0 | REASON: All Gates Cleared
[2026-03-27 04:24:01] TICKER: ZIM    | RESULT: PASS   | SENTIMENT:   0.0 | REASON: All Gates Cleared
[2026-03-27 04:24:01] TICKER: GLD    | RESULT: PASS   | SENTIMENT:   0.0 | REASON: All Gates Cleared
[2026-03-27 04:24:02] TICKER: D05.SI | RESULT: PASS   | SENTIMENT:   0.0 | REASON: All Gates Cleared
[2026-03-27 04:24:02] TICKER: BDRY   | RESULT: PASS   | SENTIMENT:   0.0 | REASON: All Gates Cleared
[2026-03-27 04:24:02] TICKER: 8035.T | RESULT: PASS   | SENTIMENT:   0.0 | REASON: All Gates Cleared
[2026-03-27 04:24:03] TICKER: VALE   | RESULT: PASS   | SENTIMENT:   0.0 | REASON: All Gates Cleared
[2026-03-27 04:24:03] TICKER: XAUUSD | RESULT: PASS   | SENTIMENT:   0.0 | REASON: All Gates Cleared
[2026-03-27 04:24:03] TICKER: XAGUSD | RESULT: PASS   | SENTIMENT:   0.0 | REASON: All Gates Cleared
[2026-03-27 04:29:04] TICKER: TLT    | RESULT: PASS   | SENTIMENT:   0.0 | REASON: All Gates Cleared
[2026-03-27 04:29:05] TICKER: CCJ    | RESULT: PASS   | SENTIMENT:   0.0 | REASON: All Gates Cleared
[2026-03-27 04:29:05] TICKER: ZIM    | RESULT: PASS   | SENTIMENT:   0.0 | REASON: All Gates Cleared
[2026-03-27 04:29:05] TICKER: GLD    | RESULT: PASS   | SENTIMENT:   0.0 | REASON: All Gates Cleared
[2026-03-27 04:29:06] TICKER: D05.SI | RESULT: PASS   | SENTIMENT:   0.0 | REASON: All Gates Cleared
[2026-03-27 04:29:06] TICKER: BDRY   | RESULT: PASS   | SENTIMENT:   0.0 | REASON: All Gates Cleared
[2026-03-27 04:29:06] TICKER: 8035.T | RESULT: PASS   | SENTIMENT:   0.0 | REASON: All Gates Cleared
[2026-03-27 04:29:07] TICKER: VALE   | RESULT: PASS   | SENTIMENT:   0.0 | REASON: All Gates Cleared
[2026-03-27 04:29:07] TICKER: XAUUSD | RESULT: PASS   | SENTIMENT:   0.0 | REASON: All Gates Cleared
[2026-03-27 04:29:07] TICKER: XAGUSD | RESULT: PASS   | SENTIMENT:   0.0 | REASON: All Gates Cleared
[2026-03-27 04:34:08] TICKER: TLT    | RESULT: PASS   | SENTIMENT:   0.0 | REASON: All Gates Cleared
[2026-03-27 04:34:08] TICKER: CCJ    | RESULT: PASS   | SENTIMENT:   0.0 | REASON: All Gates Cleared
[2026-03-27 04:34:09] TICKER: ZIM    | RESULT: PASS   | SENTIMENT:   0.0 | REASON: All Gates Cleared
[2026-03-27 04:34:09] TICKER: GLD    | RESULT: PASS   | SENTIMENT:   0.0 | REASON: All Gates Cleared
[2026-03-27 04:34:09] TICKER: D05.SI | RESULT: PASS   | SENTIMENT:   0.0 | REASON: All Gates Cleared
[2026-03-27 04:34:10] TICKER: BDRY   | RESULT: PASS   | SENTIMENT:   0.0 | REASON: All Gates Cleared
[2026-03-27 04:34:10] TICKER: 8035.T | RESULT: PASS   | SENTIMENT:   0.0 | REASON: All Gates Cleared
[2026-03-27 04:34:10] TICKER: VALE   | RESULT: PASS   | SENTIMENT:   0.0 | REASON: All Gates Cleared
[2026-03-27 04:34:11] TICKER: XAUUSD | RESULT: PASS   | SENTIMENT:   0.0 | REASON: All Gates Cleared
[2026-03-27 04:34:11] TICKER: XAGUSD | RESULT: PASS   | SENTIMENT:   0.0 | REASON: All Gates Cleared
[2026-03-27 04:39:12] TICKER: TLT    | RESULT: PASS   | SENTIMENT:   0.0 | REASON: All Gates Cleared
[2026-03-27 04:39:12] TICKER: CCJ    | RESULT: PASS   | SENTIMENT:   0.0 | REASON: All Gates Cleared
[2026-03-27 04:39:13] TICKER: ZIM    | RESULT: PASS   | SENTIMENT:   0.0 | REASON: All Gates Cleared
[2026-03-27 04:39:13] TICKER: GLD    | RESULT: PASS   | SENTIMENT:   0.0 | REASON: All Gates Cleared
[2026-03-27 04:39:13] TICKER: D05.SI | RESULT: PASS   | SENTIMENT:   0.0 | REASON: All Gates Cleared
[2026-03-27 04:39:14] TICKER: BDRY   | RESULT: PASS   | SENTIMENT:   0.0 | REASON: All Gates Cleared
[2026-03-27 04:39:14] TICKER: 8035.T | RESULT: PASS   | SENTIMENT:   0.0 | REASON: All Gates Cleared
[2026-03-27 04:39:14] TICKER: VALE   | RESULT: PASS   | SENTIMENT:   0.0 | REASON: All Gates Cleared
[2026-03-27 04:39:15] TICKER: XAUUSD | RESULT: PASS   | SENTIMENT:   0.0 | REASON: All Gates Cleared
[2026-03-27 04:39:15] TICKER: XAGUSD | RESULT: PASS   | SENTIMENT:   0.0 | REASON: All Gates Cleared
[2026-03-27 04:44:16] TICKER: TLT    | RESULT: PASS   | SENTIMENT:   0.0 | REASON: All Gates Cleared
[2026-03-27 04:44:16] TICKER: CCJ    | RESULT: PASS   | SENTIMENT:   0.0 | REASON: All Gates Cleared
[2026-03-27 04:44:16] TICKER: ZIM    | RESULT: PASS   | SENTIMENT:   0.0 | REASON: All Gates Cleared
[2026-03-27 04:44:17] TICKER: GLD    | RESULT: PASS   | SENTIMENT:   0.0 | REASON: All Gates Cleared
[2026-03-27 04:44:17] TICKER: D05.SI | RESULT: PASS   | SENTIMENT:   0.0 | REASON: All Gates Cleared
[2026-03-27 04:44:17] TICKER: BDRY   | RESULT: PASS   | SENTIMENT:   0.0 | REASON: All Gates Cleared
[2026-03-27 04:44:18] TICKER: 8035.T | RESULT: PASS   | SENTIMENT:   0.0 | REASON: All Gates Cleared
[2026-03-27 04:44:18] TICKER: VALE   | RESULT: PASS   | SENTIMENT:   0.0 | REASON: All Gates Cleared
[2026-03-27 04:44:18] TICKER: XAUUSD | RESULT: PASS   | SENTIMENT:   0.0 | REASON: All Gates Cleared
[2026-03-27 04:44:19] TICKER: XAGUSD | RESULT: PASS   | SENTIMENT:   0.0 | REASON: All Gates Cleared
[2026-03-27 04:49:19] TICKER: TLT    | RESULT: PASS   | SENTIMENT:   0.0 | REASON: All Gates Cleared
[2026-03-27 04:49:20] TICKER: CCJ    | RESULT: PASS   | SENTIMENT:   0.0 | REASON: All Gates Cleared
[2026-03-27 04:49:20] TICKER: ZIM    | RESULT: PASS   | SENTIMENT:   0.0 | REASON: All Gates Cleared
[2026-03-27 04:49:21] TICKER: GLD    | RESULT: PASS   | SENTIMENT:   0.0 | REASON: All Gates Cleared
[2026-03-27 04:49:21] TICKER: D05.SI | RESULT: PASS   | SENTIMENT:   0.0 | REASON: All Gates Cleared
[2026-03-27 04:49:21] TICKER: BDRY   | RESULT: PASS   | SENTIMENT:   0.0 | REASON: All Gates Cleared
[2026-03-27 04:49:21] TICKER: 8035.T | RESULT: PASS   | SENTIMENT:   0.0 | REASON: All Gates Cleared
[2026-03-27 04:49:22] TICKER: VALE   | RESULT: PASS   | SENTIMENT:   0.0 | REASON: All Gates Cleared
[2026-03-27 04:49:22] TICKER: XAUUSD | RESULT: PASS   | SENTIMENT:   0.0 | REASON: All Gates Cleared
[2026-03-27 04:49:22] TICKER: XAGUSD | RESULT: PASS   | SENTIMENT:   0.0 | REASON: All Gates Cleared
[2026-03-27 04:54:23] TICKER: TLT    | RESULT: PASS   | SENTIMENT:   0.0 | REASON: All Gates Cleared
[2026-03-27 04:54:24] TICKER: CCJ    | RESULT: PASS   | SENTIMENT:   0.0 | REASON: All Gates Cleared
[2026-03-27 04:54:24] TICKER: ZIM    | RESULT: PASS   | SENTIMENT:   0.0 | REASON: All Gates Cleared
[2026-03-27 04:54:24] TICKER: GLD    | RESULT: PASS   | SENTIMENT:   0.0 | REASON: All Gates Cleared
[2026-03-27 04:54:25] TICKER: D05.SI | RESULT: PASS   | SENTIMENT:   0.0 | REASON: All Gates Cleared
[2026-03-27 04:54:25] TICKER: BDRY   | RESULT: PASS   | SENTIMENT:   0.0 | REASON: All Gates Cleared
[2026-03-27 04:54:25] TICKER: 8035.T | RESULT: PASS   | SENTIMENT:   0.0 | REASON: All Gates Cleared
[2026-03-27 04:54:26] TICKER: VALE   | RESULT: PASS   | SENTIMENT:   0.0 | REASON: All Gates Cleared
[2026-03-27 04:54:26] TICKER: XAUUSD | RESULT: PASS   | SENTIMENT:   0.0 | REASON: All Gates Cleared
[2026-03-27 04:54:26] TICKER: XAGUSD | RESULT: PASS   | SENTIMENT:   0.0 | REASON: All Gates Cleared
[2026-03-27 04:59:27] TICKER: TLT    | RESULT: PASS   | SENTIMENT:   0.0 | REASON: All Gates Cleared
[2026-03-27 04:59:28] TICKER: CCJ    | RESULT: PASS   | SENTIMENT:   0.0 | REASON: All Gates Cleared
[2026-03-27 04:59:28] TICKER: ZIM    | RESULT: PASS   | SENTIMENT:   0.0 | REASON: All Gates Cleared
[2026-03-27 04:59:28] TICKER: GLD    | RESULT: PASS   | SENTIMENT:   0.0 | REASON: All Gates Cleared
[2026-03-27 04:59:29] TICKER: D05.SI | RESULT: PASS   | SENTIMENT:   0.0 | REASON: All Gates Cleared
[2026-03-27 04:59:29] TICKER: BDRY   | RESULT: PASS   | SENTIMENT:   0.0 | REASON: All Gates Cleared
[2026-03-27 04:59:29] TICKER: 8035.T | RESULT: PASS   | SENTIMENT:   0.0 | REASON: All Gates Cleared
[2026-03-27 04:59:30] TICKER: VALE   | RESULT: PASS   | SENTIMENT:   0.0 | REASON: All Gates Cleared
[2026-03-27 04:59:30] TICKER: XAUUSD | RESULT: PASS   | SENTIMENT:   0.0 | REASON: All Gates Cleared
[2026-03-27 04:59:30] TICKER: XAGUSD | RESULT: PASS   | SENTIMENT:   0.0 | REASON: All Gates Cleared
